order_id,account_id,bank_to,account_to,amount,k_symbol
29401,1,YZ,87144583,2452,SIPO
29402,2,ST,89597016,3372.7,UVER
29403,2,QR,13943797,7266,SIPO
29404,3,WX,83084338,1135,SIPO
29405,3,CD,24485939,327, 
29406,3,AB,59972357,3539,POJISTNE
29407,4,UV,26693541,2078,SIPO
29408,4,UV,5848086,1285,SIPO
29409,5,GH,37390208,2668,SIPO
29410,6,AB,44486999,3954,SIPO
29411,7,IJ,34452903,4880,SIPO
29412,8,UV,12510681,2612,SIPO
29413,8,IJ,93210345,6712, 
29414,10,UV,18686104,7033,SIPO
29415,10,QR,93182509,1344,LEASING
29416,11,ST,38470870,2132,SIPO
29417,12,CD,23010808,297,SIPO
29418,12,KL,63607060,3295,SIPO
29419,13,EF,35443323,2444,SIPO
29420,14,WX,11793136,3629,SIPO
29421,15,KL,24265569,3072,SIPO
29422,17,EF,15076423,4032,SIPO
29423,19,QR,14132368,2523.2,UVER
29425,20,AB,3399968,2003,SIPO
29426,21,YZ,60152441,6276,SIPO
29427,22,ST,34691494,6352,SIPO
29428,23,MN,20774019,5807,SIPO
29429,24,IJ,50810194,221,SIPO
29430,24,QR,46086388,7641, 
29431,25,YZ,1301700,2523.2,UVER
29432,25,IJ,4896235,6817,SIPO
29433,25,AB,79838293,1110, 
29434,25,WX,52864879,164,POJISTNE
29435,26,EF,12891853,10387,SIPO
29436,27,CD,28175699,4054,SIPO
29439,29,ST,32924878,6871,SIPO
29440,29,MN,93088209,829, 
29441,29,UV,41335338,8,POJISTNE
29442,30,EF,66168540,2480.2,LEASING
29443,31,ST,42430687,10202,SIPO
29444,33,KL,33047658,3892,SIPO
29445,34,WX,21845197,1479,LEASING
29446,34,GH,19993174,502,SIPO
29447,34,IJ,58999049,6070, 
29448,35,MN,56788617,1022,SIPO
29449,35,MN,99848401,1362,SIPO
29450,36,CD,80693810,4069,SIPO
29451,37,QR,71644407,5307.5,UVER
29452,37,IJ,29728555,2317,SIPO
29453,37,OP,23782724,2584, 
29454,37,YZ,89609831,97,POJISTNE
29455,38,QR,79067885,2306.8,UVER
29456,38,EF,2692229,6901,SIPO
29457,38,KL,83435654,231, 
29458,38,OP,64685678,228,POJISTNE
29459,39,CD,77015351,145,SIPO
29460,39,WX,949460,2970,SIPO
29461,40,ST,31161588,33,SIPO
29462,40,MN,96111678,4301, 
29463,42,CD,1007766,4239,SIPO
29464,42,KL,55873340,239, 
29465,42,YZ,38318204,1592,POJISTNE
29466,43,CD,89718746,6589,SIPO
29467,44,GH,11344862,2344,SIPO
29470,47,KL,76620852,6940,SIPO
29471,47,KL,37438374,174, 
29472,47,EF,83359431,141,POJISTNE
29473,47,UV,30289006,9, 
29474,48,AB,50218236,6268,SIPO
29475,48,ST,2071685,1029, 
29476,49,CD,83233099,3102,SIPO
29477,50,WX,75148117,269,SIPO
29478,50,UV,17270559,7024, 
29479,51,KL,71050131,2074,SIPO
29480,51,KL,74449389,2057, 
29481,52,EF,6008005,560,SIPO
29482,52,QR,85721850,3723, 
29483,53,MN,81024360,2851,SIPO
29484,54,IJ,90659772,2280,SIPO
29485,55,EF,53077900,3086,SIPO
29486,56,KL,73539948,8080,SIPO
29487,57,YZ,55066728,4107,SIPO
29489,59,IJ,38201576,695,SIPO
29490,59,ST,65394794,6190, 
29493,61,EF,20533621,1645,SIPO
29494,61,IJ,20426410,668,SIPO
29495,62,EF,80010622,2273,SIPO
29496,63,CD,85474604,2237,SIPO
29497,63,EF,8346772,157,SIPO
29498,65,YZ,74934333,686,SIPO
29499,65,CD,20976132,3315, 
29500,65,GH,7764506,3401,POJISTNE
29501,66,GH,17993182,4471.3,LEASING
29502,67,YZ,45128363,6915,UVER
29503,67,YZ,57342255,6393,SIPO
29504,67,UV,59079301,445, 
29505,68,WX,86834001,1705,SIPO
29506,68,IJ,8292192,1186, 
29507,68,ST,34692824,137,POJISTNE
29508,68,MN,92248808,61, 
29509,70,KL,7699788,4150,SIPO
29510,71,YZ,53903484,968,SIPO
29511,71,IJ,11544728,1602, 
29512,71,OP,9098768,1011,POJISTNE
29513,71,QR,34794885,778, 
29514,72,OP,43079012,2923,LEASING
29515,72,EF,69338589,7109,SIPO
29516,72,ST,8297068,2286, 
29517,73,CD,67077487,6061,SIPO
29522,75,IJ,74818038,3369,SIPO
29523,76,MN,98325132,5208,SIPO
29524,77,ST,28454154,1709,LEASING
29525,78,WX,32111394,9039,SIPO
29526,79,CD,15471804,2788,SIPO
29527,80,IJ,85687774,2252,SIPO
29528,81,QR,18026441,1765,SIPO
29529,81,MN,28429049,62, 
29530,81,GH,62443947,229,POJISTNE
29531,83,AB,26468819,2210,SIPO
29532,83,EF,41590857,3940, 
29533,84,ST,33353132,1709,LEASING
29534,84,ST,18454540,12452,SIPO
29535,85,IJ,65366345,3831,SIPO
29536,85,OP,81823444,1792,LEASING
29537,86,WX,36292475,1002,SIPO
29538,86,MN,48764252,1160, 
29541,88,ST,72993069,2268,SIPO
29542,90,ST,68375611,2774,SIPO
29543,90,UV,90134667,2375, 
29544,90,MN,89044069,4372,POJISTNE
29545,90,YZ,2028567,361, 
29554,96,CD,62272125,4422.1,LEASING
29555,96,QR,83610647,908,SIPO
29556,96,WX,41707503,2140, 
29557,96,EF,49409562,46,POJISTNE
29558,96,EF,66311460,644, 
29559,97,ST,69820374,1436,SIPO
29560,97,CD,33796209,2411, 
29561,97,ST,83123987,3,POJISTNE
29562,97,CD,94469666,15, 
29563,97,MN,9693319,8573,UVER
29564,98,CD,94078754,1569,SIPO
29565,98,WX,95535426,749,SIPO
29566,99,CD,38411343,4503,SIPO
29567,99,EF,26847303,4682, 
29568,100,UV,6381905,598,SIPO
29569,100,GH,16341108,7329, 
29570,101,KL,10926431,8037,SIPO
29571,101,GH,26152324,855, 
29572,102,EF,24946403,7370.2,UVER
29573,102,KL,63927906,3373,SIPO
29574,102,UV,97521966,377, 
29575,103,MN,2646291,7370.2,UVER
29576,104,MN,82782172,578,SIPO
29577,104,ST,8965999,1464, 
29578,105,UV,58251345,7348,UVER
29579,106,WX,46916538,3735,SIPO
29580,107,IJ,67744958,2015,SIPO
29581,107,IJ,9999049,1580, 
29582,107,QR,80934089,959,POJISTNE
29583,108,CD,62673318,4803,SIPO
29584,110,OP,24390584,3050,SIPO
29585,110,YZ,18149984,98, 
29586,110,ST,14772266,4516,UVER
29589,112,AB,41812431,2051,SIPO
29590,113,GH,11191487,3146,SIPO
29591,114,QR,78667527,1590,SIPO
29592,114,MN,90660798,533,SIPO
29593,115,EF,51975733,5110,SIPO
29594,116,KL,99229424,5529,SIPO
29595,116,ST,16828024,927,LEASING
29596,117,CD,59419953,2329,SIPO
29597,118,IJ,51605445,2449,SIPO
29598,119,ST,21662587,8252,SIPO
29599,120,YZ,74934506,1899,LEASING
29600,120,ST,36501592,3965,SIPO
29601,121,YZ,81156724,794,SIPO
29602,121,UV,93935125,929, 
29603,121,MN,91729092,393,POJISTNE
29604,123,KL,97764080,3016,SIPO
29605,124,IJ,11366123,447,SIPO
29606,124,OP,51247948,575, 
29607,124,OP,34663748,971,POJISTNE
29608,125,IJ,14166999,4422.1,LEASING
29609,126,WX,62923598,7384,SIPO
29610,127,YZ,11707830,2242,SIPO
29611,129,IJ,69084489,3417,SIPO
29612,130,IJ,2152455,3969,SIPO
29613,131,UV,29374742,6904,SIPO
29614,132,WX,80542558,7370.2,UVER
29615,133,OP,90329002,3094,LEASING
29616,133,EF,45379865,4943,SIPO
29617,133,CD,30067122,5123, 
29618,136,MN,78733890,2932,SIPO
29619,137,GH,71138578,3464,SIPO
29620,137,UV,34738314,787, 
29621,141,KL,30588215,3016.5,LEASING
29622,141,KL,65986662,3462,SIPO
29623,141,WX,71174192,1791, 
29624,141,GH,86448645,6716,POJISTNE
29625,142,YZ,23734498,1845,SIPO
29626,143,YZ,81564402,2272,SIPO
29627,145,GH,81546359,4815,SIPO
29628,146,AB,76565843,3823,SIPO
29631,148,KL,29826498,487,SIPO
29632,148,GH,99004148,89, 
29633,148,QR,85938459,1736,POJISTNE
29634,151,QR,2754378,411,SIPO
29635,151,KL,77260404,2668, 
29636,152,OP,21928644,426,SIPO
29637,152,OP,16610890,2993, 
29638,153,UV,6886673,4544,SIPO
29639,154,MN,1314569,3891,SIPO
29640,155,KL,13971645,2988,SIPO
29641,156,QR,93965810,2030,SIPO
29642,157,AB,14697784,3991,SIPO
29643,158,ST,61129736,3420,SIPO
29644,159,GH,1882386,8694,SIPO
29645,160,QR,52787989,2374,SIPO
29646,160,ST,8854127,5552, 
29647,161,GH,17877823,1389,SIPO
29648,161,WX,62378322,892,SIPO
29649,162,GH,1325488,3458,SIPO
29650,163,UV,86180990,3116,SIPO
29651,163,IJ,8512616,612,SIPO
29652,165,OP,71082353,1788,SIPO
29653,166,QR,26919090,3044,SIPO
29654,168,WX,47454333,2013,SIPO
29655,169,IJ,71273207,4975,SIPO
29656,169,KL,15956706,696,LEASING
29657,171,UV,5356938,3486,SIPO
29658,172,OP,11598539,4221,SIPO
29659,173,KL,95605074,6256,SIPO
29660,173,KL,26238835,1428, 
29661,173,CD,85405385,735,POJISTNE
29662,173,CD,50065535,189, 
29663,173,UV,38819456,8734,UVER
29664,174,QR,73784321,2139,SIPO
29667,176,GH,53236597,2288.3,UVER
29668,176,AB,55640232,4564,SIPO
29669,176,OP,90734010,36, 
29670,176,QR,11736327,97,POJISTNE
29671,178,OP,16301811,1482,SIPO
29672,178,ST,1946038,505, 
29673,179,UV,16450244,7615,SIPO
29674,179,IJ,47684144,1066, 
29675,179,AB,11941713,378,POJISTNE
29676,179,OP,39081686,4608, 
29677,181,KL,66975450,6780,SIPO
29678,183,AB,5552345,5202,SIPO
29679,183,GH,85986530,752, 
29680,184,IJ,65986150,1623,LEASING
29681,185,IJ,14592427,6526,SIPO
29682,186,GH,83964973,6862,SIPO
29683,187,UV,39898049,2798,SIPO
29684,188,AB,26629168,7426,SIPO
29685,189,GH,54808670,4244,SIPO
29686,189,OP,28932172,750, 
29687,189,MN,76972424,360,POJISTNE
29688,190,YZ,24279922,4519,SIPO
29689,190,WX,3125066,3233, 
29690,190,WX,5304331,42,POJISTNE
29691,190,YZ,50605297,1316, 
29692,191,YZ,89219265,4420.9,LEASING
29693,192,IJ,70552640,3583,SIPO
29694,193,QR,21547550,7110,SIPO
29695,194,CD,39405787,2648,SIPO
29696,195,AB,37868559,6260,SIPO
29697,196,MN,84787642,1270,SIPO
29698,196,AB,90261184,4417, 
29699,196,KL,30200135,2554,POJISTNE
29700,196,IJ,21173686,385, 
29701,197,EF,67286312,9454,SIPO
29702,198,MN,67775189,700,SIPO
29703,198,QR,64557379,2166,SIPO
29704,199,CD,15875643,1984,SIPO
29705,201,OP,34061867,9584,SIPO
29711,204,UV,59721839,1950,SIPO
29712,205,AB,99149345,4297,SIPO
29713,206,KL,75771987,2902,SIPO
29714,207,KL,71656483,403,SIPO
29715,207,GH,4786676,10, 
29716,207,AB,83722591,2726,POJISTNE
29717,208,AB,9118587,4148,SIPO
29718,208,CD,77937751,1767, 
29719,208,UV,98481541,986,POJISTNE
29720,208,OP,28241002,545, 
29721,209,QR,17469549,483,SIPO
29722,209,EF,52778792,41, 
29723,209,KL,1601225,1796,POJISTNE
29724,210,IJ,24753552,7534,SIPO
29725,211,IJ,2884138,2394,LEASING
29726,212,EF,58462047,13841,SIPO
29727,213,EF,4553950,5625,SIPO
29728,214,EF,26426023,2097,SIPO
29729,215,MN,65896379,2121,SIPO
29730,216,KL,85333066,1486,SIPO
29731,216,GH,38205874,1513,SIPO
29732,217,CD,23454666,3459,SIPO
29733,217,YZ,55710929,653,LEASING
29734,218,IJ,10956299,3182,LEASING
29735,219,GH,77167427,2336,SIPO
29736,219,OP,33257001,2988, 
29737,220,QR,26923066,3095,SIPO
29738,221,CD,98228793,7896,SIPO
29739,222,WX,52384513,3440.9,LEASING
29740,224,EF,63218277,3503,SIPO
29741,225,MN,74407583,3383,SIPO
29742,225,KL,93545496,2, 
29743,226,UV,29971635,8928,SIPO
29744,226,GH,39824432,9112,UVER
29745,227,GH,28972292,9381,SIPO
29746,228,QR,78199761,1946,SIPO
29747,228,EF,26569271,2158, 
29748,229,ST,55160808,2505,SIPO
29749,230,ST,66906124,5615,SIPO
29750,230,AB,95935326,1527, 
29751,230,KL,3922403,1058,POJISTNE
29752,231,WX,51732343,2073,SIPO
29753,232,KL,62672704,3643,SIPO
29755,234,MN,20655334,2809,SIPO
29756,235,MN,79934978,895,SIPO
29757,235,KL,52539473,1321, 
29758,237,AB,13233763,152,SIPO
29759,237,AB,58324587,1788, 
29760,238,IJ,39059901,2234,SIPO
29761,239,CD,96977406,1042,SIPO
29762,239,MN,30218410,5995, 
29763,239,IJ,47741246,152,POJISTNE
29764,240,WX,50178039,9621,SIPO
29765,240,OP,22710114,1050,LEASING
29766,241,QR,28285497,1344,SIPO
29767,241,MN,27381342,632, 
29768,241,EF,14364838,610,POJISTNE
29769,242,WX,23104387,1062,SIPO
29770,242,WX,62032568,2977, 
29771,243,KL,55282419,1041,LEASING
29772,243,GH,73269855,3067,SIPO
29773,244,MN,74832015,2190,SIPO
29774,244,OP,78948193,226, 
29775,244,GH,7008588,232,POJISTNE
29776,246,YZ,8283996,1970,SIPO
29780,248,AB,15760773,2484.9,LEASING
29781,249,OP,26255619,5618,SIPO
29782,249,GH,99770348,1876, 
29783,250,WX,24246722,3066,SIPO
29784,251,AB,92959981,3059,SIPO
29785,252,CD,91842740,1767,SIPO
29788,255,WX,88934081,5323,SIPO
29789,257,ST,61510014,3816.7,LEASING
29790,257,GH,22533124,14166,SIPO
29791,258,KL,37360865,3737,SIPO
29792,259,MN,86616670,297,SIPO
29793,259,EF,8156723,2857,SIPO
29794,260,GH,71713226,5247,SIPO
29795,261,IJ,49824553,2182,SIPO
29796,261,ST,63415229,371, 
29797,263,WX,73582678,6145,SIPO
29798,264,YZ,19889706,3307,SIPO
29799,265,EF,28306174,2900,SIPO
29800,266,WX,96796440,4975.2,LEASING
29801,267,KL,4520118,3074,SIPO
29802,268,OP,4418570,3121,SIPO
29803,269,QR,7832789,456,SIPO
29804,269,YZ,55865961,1690, 
29805,270,QR,95370232,5462,SIPO
29806,271,QR,67201065,1535,SIPO
29807,272,IJ,15116119,7454,SIPO
29808,273,ST,77701490,1320.1,LEASING
29809,273,OP,80156594,5965,SIPO
29810,273,EF,85742187,178, 
29811,273,YZ,15870309,1836,POJISTNE
29812,274,ST,91567790,9886,SIPO
29813,275,CD,46536463,198,SIPO
29814,275,UV,60457825,2062, 
29815,276,AB,22070646,4470.5,UVER
29816,276,EF,80801391,5212,SIPO
29817,277,ST,67316442,2682.3,LEASING
29818,278,IJ,93538832,3362,SIPO
29819,278,MN,5409831,676,LEASING
29820,279,EF,46485179,624,SIPO
29821,279,QR,68556356,1380, 
29822,280,KL,10603589,3334,SIPO
29823,280,UV,1495051,4694, 
29824,280,QR,42263525,957,LEASING
29825,281,CD,31156671,5578,SIPO
29826,282,GH,6997305,7531,SIPO
29827,282,AB,4248011,802, 
29828,283,OP,9780645,2802,SIPO
29829,284,EF,34219330,5629,SIPO
29830,285,UV,52409064,667,LEASING
29831,286,ST,3664666,9848,SIPO
29832,287,CD,57389086,772,SIPO
29833,287,EF,36382317,1572,SIPO
29834,288,WX,29425543,3257,SIPO
29835,288,QR,97550320,207,SIPO
29836,289,AB,78823619,5745,SIPO
29837,289,OP,72798836,2621, 
29838,290,YZ,60961633,2577,UVER
29839,290,UV,10382223,2653,SIPO
29840,290,IJ,5267882,3274, 
29841,291,YZ,46721518,1941.9,LEASING
29842,291,EF,31507086,62,SIPO
29843,291,YZ,27026367,12925, 
29844,292,KL,722319,1986,SIPO
29845,293,QR,11480212,1636,SIPO
29846,293,QR,85708903,845, 
29847,293,EF,34143477,1366,POJISTNE
29848,294,MN,91239595,5842,SIPO
29849,294,KL,94949411,145, 
29850,294,IJ,58432865,430,POJISTNE
29851,294,UV,58291846,156, 
29852,295,AB,78368478,6992,SIPO
29853,296,AB,63953745,2646,SIPO
29854,300,YZ,46045607,1628,SIPO
29855,301,IJ,99728369,1950,SIPO
29856,302,ST,12600803,3236,SIPO
29857,303,KL,43664085,3803,SIPO
29858,303,UV,25709551,3132,UVER
29859,304,AB,27760046,14367,SIPO
29860,305,ST,77063089,2953,SIPO
29861,306,IJ,70354622,3657,SIPO
29862,308,CD,17178321,1284,LEASING
29863,309,UV,74396675,1901,UVER
29865,311,CD,93944477,4777,SIPO
29866,311,WX,80353498,371, 
29867,311,GH,47159934,3375,POJISTNE
29868,311,YZ,37490087,355, 
29869,311,YZ,67794364,422,UVER
29870,312,WX,31189668,7814,SIPO
29871,313,GH,6982702,2294,SIPO
29872,314,WX,56231456,2785,UVER
29873,314,KL,99187093,13691,SIPO
29874,315,MN,6354302,3509,UVER
29875,317,QR,93325268,3068,SIPO
29876,318,GH,74740838,2858,SIPO
29877,319,GH,41618597,6149.5,UVER
29878,319,KL,87909203,1057,SIPO
29879,319,KL,32717514,2196, 
29880,319,AB,559258,416,POJISTNE
29881,321,UV,44067668,1876,SIPO
29882,322,ST,4537106,6550,SIPO
29883,323,GH,65761726,3025,SIPO
29884,324,OP,83596694,1785,SIPO
29885,324,KL,19554490,284,SIPO
29886,325,GH,69376104,2741,SIPO
29887,326,MN,44978225,1881,SIPO
29888,326,EF,63815659,1567,SIPO
29889,327,OP,86823993,3252,SIPO
29890,327,IJ,47999680,3805, 
29891,328,OP,10446250,1287,SIPO
29892,328,GH,3014916,1145,SIPO
29893,329,GH,73389369,792,SIPO
29894,329,UV,23747241,3110, 
29895,330,OP,23515820,6908,UVER
29896,331,UV,55443829,3528,SIPO
29897,332,MN,6061673,2385,SIPO
29898,333,QR,71807402,1634,SIPO
29899,333,QR,42206424,72, 
29900,333,AB,13184309,292,POJISTNE
29901,334,IJ,5579948,2374,SIPO
29902,334,MN,37566691,1168, 
29903,335,GH,80065911,2697,SIPO
29904,336,AB,40453487,4067,SIPO
29905,338,AB,37576079,2252,SIPO
29906,339,OP,60226070,7801.2,UVER
29907,339,WX,52391654,4087,SIPO
29908,339,IJ,21728092,48, 
29909,340,CD,26790029,917,SIPO
29910,340,YZ,80708729,901,SIPO
29911,342,KL,44861531,2332,SIPO
29912,343,QR,15103727,2505,SIPO
29913,344,WX,47483712,4739,SIPO
29914,344,CD,77219027,1683,UVER
29915,345,QR,68522327,8819,SIPO
29916,346,KL,13685655,7875,SIPO
29917,347,CD,37914210,7801.2,UVER
29918,349,ST,83005469,4660,SIPO
29919,349,YZ,66345286,3568,UVER
29920,350,AB,77066629,3791,SIPO
29921,352,KL,56583434,1992,SIPO
29922,353,UV,38371622,2687,SIPO
29923,353,CD,53546470,879,SIPO
29924,354,UV,38533955,4771,SIPO
29925,355,WX,5620038,5012,SIPO
29926,355,GH,28271162,2927, 
29927,356,GH,75963014,4188,SIPO
29928,357,EF,3304052,1788,SIPO
29929,357,IJ,44572526,280, 
29930,358,UV,86354624,532,SIPO
29931,358,ST,65233623,1434, 
29932,358,ST,94764554,27,POJISTNE
29933,358,ST,94047659,73, 
29934,359,UV,86209541,3544,SIPO
29935,361,YZ,95369791,1941,SIPO
29936,361,ST,59163767,1388, 
29937,362,ST,76221531,6001,SIPO
29938,362,ST,91743081,292, 
29939,362,EF,62852764,68,POJISTNE
29940,364,ST,39232927,2221,SIPO
29941,365,YZ,84520810,1766,LEASING
29942,365,QR,34196335,11528,SIPO
29943,365,QR,93025660,1782, 
29944,365,UV,12044257,5,POJISTNE
29945,365,UV,89672892,9, 
29946,366,IJ,75874721,2442,SIPO
29947,366,YZ,11380994,1914, 
29948,366,QR,29283583,836,POJISTNE
29949,366,ST,68747752,3188, 
29950,367,KL,59022962,6384,SIPO
29951,368,ST,13122338,4381,SIPO
29952,368,EF,27974027,742, 
29953,368,UV,35746020,269,POJISTNE
29954,368,YZ,33245110,217, 
29955,368,UV,35739392,1071,LEASING
29959,370,MN,39040500,215,SIPO
29960,370,EF,39893967,1188, 
29961,370,KL,57786190,672,POJISTNE
29962,372,ST,65089881,7785,SIPO
29963,372,MN,83496254,2148, 
29964,373,OP,55648291,6452,SIPO
29965,375,KL,32626718,3824,SIPO
29966,376,IJ,32540393,7097,SIPO
29967,378,MN,28203147,3840.2,UVER
29968,378,KL,6934583,8537,SIPO
29969,378,AB,85313254,1184, 
29970,378,ST,70710897,2,POJISTNE
29971,378,KL,23140502,4, 
29972,379,CD,35418421,1561,SIPO
29973,379,CD,30392295,434, 
29974,379,GH,42905002,177,POJISTNE
29975,379,IJ,80296814,312, 
29979,382,IJ,24703598,2235,SIPO
29980,382,OP,26432061,27, 
29981,382,MN,87132888,14,POJISTNE
29982,383,EF,90773456,2057,SIPO
29983,384,MN,48816210,2304.1,LEASING
29984,385,WX,28537345,2160,SIPO
29985,385,ST,91164779,31, 
29986,385,GH,79315310,121,POJISTNE
29987,386,CD,39887976,4711,SIPO
29988,388,CD,48455613,6524,SIPO
29989,389,KL,8779210,884,SIPO
29990,389,WX,25948596,3280, 
29991,390,YZ,24210876,4977,SIPO
29992,392,GH,99824958,1407,SIPO
29993,392,WX,27344715,5663, 
29994,393,AB,10808188,302,SIPO
29995,393,AB,27135431,5920, 
30001,395,YZ,55113202,3871,SIPO
30002,395,GH,73209607,4036, 
30003,395,WX,8607322,828,LEASING
30004,396,UV,71221321,5245,SIPO
30005,396,GH,26179212,68, 
30006,396,OP,57553499,308,POJISTNE
30007,396,YZ,33896279,261, 
30008,398,IJ,60894626,1702,SIPO
30009,399,GH,54855972,3090.5,LEASING
30010,399,IJ,47246265,6009,SIPO
30011,400,WX,99955695,6948,SIPO
30012,401,AB,66742342,3600,SIPO
30013,401,EF,88922524,1769, 
30014,402,YZ,77129357,2083,SIPO
30015,402,CD,98438930,2211, 
30016,403,KL,15987736,2401,SIPO
30017,404,GH,68393963,1563,SIPO
30018,404,WX,36616319,3450, 
30019,405,EF,24659914,1339,LEASING
30020,405,MN,56718403,9632,SIPO
30021,405,WX,11276412,1497, 
30022,405,KL,1622963,3579,POJISTNE
30023,406,UV,36316532,1800,SIPO
30024,406,KL,28461408,264, 
30025,407,WX,90311783,5411,SIPO
30026,407,EF,32662862,14, 
30027,408,QR,62073033,5042,SIPO
30028,409,QR,11262268,6810,SIPO
30029,410,WX,85225909,3825,SIPO
30030,411,QR,15704101,8499,SIPO
30031,412,WX,35379701,8727,SIPO
30032,413,CD,49738037,2107,SIPO
30033,414,AB,96403741,7870,SIPO
30034,415,OP,64789080,8740,SIPO
30035,416,ST,30481368,982,SIPO
30036,416,CD,54040610,987,SIPO
30037,418,MN,92404669,9316,SIPO
30038,420,KL,49270671,7192,SIPO
30039,421,YZ,94967096,5571,SIPO
30040,423,UV,78170078,1942,SIPO
30041,424,WX,64132481,4591,SIPO
30042,425,ST,21181220,2390,SIPO
30043,425,OP,54766887,806, 
30044,425,GH,30106497,64,POJISTNE
30045,426,MN,45444989,4201.2,UVER
30046,426,AB,9528249,7497,SIPO
30047,426,GH,34606760,886, 
30048,427,CD,43451237,8166,SIPO
30049,428,MN,64758032,3987,SIPO
30050,429,IJ,79427033,5286,SIPO
30051,431,GH,65853184,6482,SIPO
30052,431,KL,66201281,715, 
30053,434,WX,98904990,5666,SIPO
30054,434,ST,31071788,1637, 
30055,435,MN,75157016,3189,SIPO
30056,436,WX,36372977,4885,SIPO
30057,436,IJ,61715274,72, 
30058,436,CD,51325714,293,POJISTNE
30059,437,CD,83092337,2248,SIPO
30060,437,YZ,18505370,3106, 
30061,440,QR,84914481,5825,SIPO
30062,440,GH,78983664,1756,UVER
30063,441,OP,58999586,4473,LEASING
30064,441,YZ,91662942,3041,SIPO
30065,441,WX,11125362,765, 
30066,442,EF,55799275,7455,UVER
30067,442,CD,21739507,5606,SIPO
30068,442,ST,98938321,2068, 
30069,443,KL,39137601,1508,SIPO
30070,443,IJ,32109809,463, 
30071,443,QR,69234090,67,POJISTNE
30072,444,QR,53384882,4469,SIPO
30073,445,QR,65335863,3998,SIPO
30074,445,IJ,49652427,7567, 
30075,446,EF,81248056,6941,SIPO
30076,447,GH,35721868,5554,SIPO
30077,447,ST,99847948,554,LEASING
30080,449,AB,84388368,164,SIPO
30081,449,WX,77323555,1789,SIPO
30082,450,QR,70611452,2404,SIPO
30083,451,UV,62285023,7208,UVER
30084,452,OP,27081912,5058,SIPO
30085,452,OP,33601921,375, 
30086,453,QR,23475498,7012,SIPO
30087,454,GH,80305754,5687,SIPO
30088,455,ST,60398054,8339,SIPO
30089,456,WX,12626231,4783.1,LEASING
30092,458,AB,65390032,9586,SIPO
30093,458,CD,51641261,1031,LEASING
30094,460,MN,57986551,3554,SIPO
30095,461,OP,30994916,1530,SIPO
30096,462,ST,32409316,8325,SIPO
30097,463,QR,88697516,6385,SIPO
30098,464,UV,4756558,3509,SIPO
30099,465,ST,3081554,1278.5,LEASING
30100,465,IJ,59340989,11126,SIPO
30101,467,UV,90201395,3937,SIPO
30102,467,AB,73301529,2895, 
30103,468,AB,87048482,3735,SIPO
30104,468,YZ,30738526,499, 
30105,469,AB,32004195,2672,SIPO
30106,470,AB,41005563,3568,SIPO
30107,470,IJ,70524096,630, 
30108,470,OP,43083483,1078,POJISTNE
30109,471,ST,26110238,4695,SIPO
30110,471,CD,97181409,931, 
30111,471,CD,33731478,253,POJISTNE
30112,471,KL,45840859,202, 
30113,472,UV,6824928,8200.2,UVER
30114,473,GH,65049969,4237,SIPO
30115,473,KL,67095625,2640, 
30116,473,QR,76250731,75,POJISTNE
30117,473,YZ,22973603,333, 
30118,474,UV,33440119,694,SIPO
30119,474,OP,79647504,1606, 
30120,475,UV,33983725,2760,SIPO
30121,477,CD,7729125,2660,SIPO
30122,477,GH,40855217,254, 
30123,477,IJ,25759440,463,POJISTNE
30124,478,EF,9013551,8137,SIPO
30125,479,YZ,117046,2064,SIPO
30126,480,KL,12772888,4687,SIPO
30127,480,IJ,72983371,827,LEASING
30128,481,GH,50636059,64,SIPO
30129,481,IJ,29175484,1825,SIPO
30134,483,GH,70076584,1940,SIPO
30135,484,GH,19220835,1652,SIPO
30136,484,MN,16825324,1995, 
30137,484,GH,17417866,108,POJISTNE
30138,484,IJ,31340134,1412, 
30139,485,AB,58655077,2629.6,LEASING
30140,485,EF,89687889,7421,SIPO
30141,485,WX,56978738,1591, 
30142,485,AB,20747721,3572,POJISTNE
30143,487,GH,40831804,10684,SIPO
30144,489,ST,53826928,5608,SIPO
30145,490,UV,89067864,2042,SIPO
30146,491,EF,26434993,9090,SIPO
30147,494,EF,88363974,2629.6,LEASING
30148,494,GH,24389368,8728,SIPO
30149,494,ST,62039023,207, 
30153,496,IJ,60471528,3602,SIPO
30154,497,EF,31873262,3405,SIPO
30157,500,WX,67136871,2629.6,LEASING
30158,500,MN,57751679,3267,SIPO
30159,500,AB,1471186,539, 
30160,501,KL,79491948,4382.7,UVER
30161,502,ST,27518320,2498,SIPO
30162,503,QR,34156501,7175,SIPO
30163,503,GH,41920358,1746,LEASING
30164,504,UV,2230048,2308,SIPO
30165,505,QR,6899768,18,SIPO
30166,505,OP,5099285,2203, 
30167,506,GH,21071094,3011,SIPO
30168,506,QR,70163124,107, 
30169,506,IJ,18590253,278,POJISTNE
30170,506,IJ,82022094,724, 
30171,508,YZ,41786360,2480,SIPO
30172,509,IJ,50397551,6261,UVER
30173,510,YZ,34629786,2442,SIPO
30174,510,UV,64973693,1319, 
30175,510,GH,56986600,1043,POJISTNE
30176,511,MN,4644132,2629.6,LEASING
30177,512,GH,88834064,9449,SIPO
30178,513,EF,99257760,7908,SIPO
30179,514,KL,49346691,5760,SIPO
30180,515,CD,6447190,2750,SIPO
30181,516,CD,22182691,3736,SIPO
30182,517,UV,82919829,9255,SIPO
30183,518,GH,39075994,1338,SIPO
30184,518,MN,13886338,2015,SIPO
30185,519,AB,65870404,3245,SIPO
30186,520,MN,67366206,2332,SIPO
30187,521,IJ,98804980,4234,SIPO
30188,522,WX,31764650,77,SIPO
30189,522,GH,18812161,4930, 
30190,524,AB,71994364,5768,SIPO
30191,525,MN,88872944,4382.7,UVER
30192,525,ST,67853247,6454,SIPO
30193,526,MN,22128474,5074,SIPO
30195,528,IJ,11964172,2916,SIPO
30196,529,MN,85919022,3344,SIPO
30197,531,OP,48101,2144,SIPO
30198,533,EF,5924845,1319,SIPO
30199,533,IJ,31916600,3427, 
30200,534,KL,26713061,1747,SIPO
30201,534,KL,88319682,713, 
30202,534,OP,71464949,1341,POJISTNE
30203,535,OP,26501775,7021,SIPO
30204,535,UV,15932035,62, 
30205,535,MN,70218544,765,POJISTNE
30206,536,AB,84382724,1742,SIPO
30207,536,AB,56864386,827,SIPO
30208,537,ST,79339456,1848,SIPO
30209,538,OP,5225766,2692,SIPO
30210,541,IJ,97866481,3030,SIPO
30211,541,WX,97620743,72, 
30212,541,AB,50762343,5626,POJISTNE
30213,542,WX,82309841,2750,SIPO
30214,543,EF,10095620,647,SIPO
30215,543,QR,32736635,1086, 
30216,543,CD,41006070,655,POJISTNE
30217,544,EF,24082440,3798.2,UVER
30218,545,YZ,87724715,3306,SIPO
30219,546,YZ,87099098,2940,SIPO
30220,547,EF,48055100,2273,SIPO
30221,548,EF,87448715,1285,SIPO
30222,548,AB,56284767,528,SIPO
30223,549,OP,83005940,1067,SIPO
30224,549,CD,87506788,3024, 
30225,550,GH,71731483,1247,SIPO
30226,550,WX,49558728,349,SIPO
30227,552,AB,68878775,2097,SIPO
30228,555,ST,6209928,7218,SIPO
30229,555,YZ,19875437,479, 
30230,555,WX,3315794,71,POJISTNE
30231,557,MN,88362860,2050,SIPO
30232,558,CD,60158938,4081,SIPO
30233,558,WX,11205697,1476, 
30234,559,CD,77164244,2175,SIPO
30235,560,QR,17489135,5683,SIPO
30236,561,QR,37346130,343,SIPO
30237,561,WX,77749645,1308,SIPO
30238,563,QR,96173613,6245,SIPO
30239,564,YZ,8056086,295,SIPO
30240,564,IJ,56459259,8713, 
30241,565,KL,67758250,3509,SIPO
30242,568,CD,60686451,1408,LEASING
30243,569,YZ,87054288,2074,SIPO
30244,570,YZ,48868894,6273,SIPO
30245,571,EF,93711280,3255,SIPO
30246,572,WX,64459979,5372,SIPO
30247,572,EF,76923572,960, 
30248,572,QR,5563730,349,POJISTNE
30249,572,WX,71732580,1413,LEASING
30250,573,CD,80680703,2249,LEASING
30251,575,KL,32180041,756,SIPO
30252,575,GH,62339043,5329, 
30253,576,OP,71033382,3662,SIPO
30254,577,QR,92529356,5120,SIPO
30255,578,ST,9104431,5484,SIPO
30256,578,KL,6721955,601, 
30257,578,KL,88757896,17,POJISTNE
30258,578,CD,84361481,57, 
30259,579,OP,19994384,2771,SIPO
30260,579,CD,61798560,1065, 
30261,580,KL,18037027,3571,SIPO
30262,580,AB,27916240,1715, 
30263,581,KL,62047934,1502,SIPO
30264,582,KL,94775294,2812,SIPO
30266,584,MN,76447403,2302,SIPO
30267,588,AB,29001635,3141,SIPO
30268,588,MN,81579917,1437, 
30269,588,KL,40627336,511,POJISTNE
30270,589,GH,69257765,5746,SIPO
30271,591,WX,33145171,2788,SIPO
30272,592,WX,11703169,1148,SIPO
30273,592,MN,17637676,460,SIPO
30274,594,CD,76892024,2054,SIPO
30275,595,WX,22432470,4702,SIPO
30276,597,EF,43030637,6135,SIPO
30277,598,IJ,36825537,7781,SIPO
30278,599,OP,94891345,3118,SIPO
30279,599,MN,75048130,967, 
30280,600,UV,6513369,5952,SIPO
30281,601,ST,62110066,2230,SIPO
30282,602,EF,11328745,3191,SIPO
30283,603,KL,46360403,4361,SIPO
30284,605,CD,93390070,6876,SIPO
30285,606,EF,87049013,7140,SIPO
30286,606,GH,57793295,1071, 
30287,607,KL,5990779,2082,SIPO
30288,608,AB,57903474,2895,SIPO
30289,609,IJ,28244787,1171,SIPO
30290,609,CD,14562350,732, 
30291,609,IJ,59537684,67,POJISTNE
30292,611,AB,98749815,2284,SIPO
30293,612,YZ,28562253,1936,SIPO
30294,614,YZ,9777558,1664,SIPO
30295,615,UV,30659657,309,SIPO
30296,615,OP,63728749,1787, 
30297,616,OP,38012558,1869,SIPO
30298,617,WX,41264140,2607.2,LEASING
30299,617,MN,8556467,13080,SIPO
30300,618,ST,52253526,747,SIPO
30301,618,WX,93719195,3035, 
30302,619,YZ,51829963,1729,SIPO
30303,619,AB,96250706,6538, 
30304,621,GH,21300334,366,SIPO
30305,621,QR,32067704,3043, 
30306,622,MN,57849115,6255,SIPO
30307,622,MN,53675001,594, 
30308,622,QR,46919482,2568,POJISTNE
30309,622,GH,23822355,11, 
30310,623,ST,73409360,419,SIPO
30311,623,IJ,34328079,1653, 
30312,625,CD,76538800,2607.2,LEASING
30313,625,QR,50207537,11457,SIPO
30314,626,WX,22472965,3639,SIPO
30315,627,KL,23483765,8228,SIPO
30316,627,KL,85517316,554,LEASING
30317,628,YZ,24106633,3028,SIPO
30318,629,QR,91464036,1207,SIPO
30319,629,WX,2222919,1500,SIPO
30320,630,IJ,662714,2361,SIPO
30321,631,GH,89184629,2394,SIPO
30322,632,OP,31188458,842,SIPO
30323,632,CD,54220384,199, 
30324,632,ST,95301532,1092,POJISTNE
30325,633,KL,56019914,3177,SIPO
30327,635,OP,12794989,1683,SIPO
30328,635,GH,86240660,2707, 
30329,635,KL,117952,2160,POJISTNE
30330,635,UV,56503492,1547, 
30331,636,YZ,33446622,3056,SIPO
30332,637,AB,34624809,1934,SIPO
30333,638,QR,41244357,2487,SIPO
30334,638,AB,77634972,4668, 
30335,638,GH,45651602,873,POJISTNE
30336,639,ST,77312248,2046,SIPO
30337,640,MN,49130755,2891,SIPO
30338,641,WX,41606414,3330,SIPO
30340,644,YZ,15593272,946,SIPO
30341,644,YZ,19007480,1026, 
30342,645,GH,25328028,13466,SIPO
30343,646,AB,34125185,4876,SIPO
30344,647,UV,41266620,6465,SIPO
30345,648,OP,81294440,9240,SIPO
30346,649,AB,90564441,3430.1,LEASING
30347,650,YZ,70699482,1697,SIPO
30348,651,QR,14427155,2652,SIPO
30349,651,CD,54411101,4062, 
30350,652,YZ,56959491,7591,SIPO
30351,653,IJ,52822631,5397,SIPO
30352,654,AB,49887746,2885,SIPO
30353,655,CD,91412663,1899,SIPO
30354,655,WX,48714017,2036, 
30355,655,KL,32799506,193,POJISTNE
30356,655,IJ,19362265,341, 
30357,656,KL,74315947,5477,SIPO
30358,657,AB,72237545,1066,SIPO
30359,657,MN,15075981,1862, 
30360,658,ST,92509448,2703,SIPO
30361,659,EF,43700408,1833,SIPO
30362,659,CD,72181445,107, 
30363,660,EF,56245785,1234,SIPO
30364,660,WX,50051724,5338, 
30367,662,UV,32952279,3330,SIPO
30370,664,OP,7335311,2997,SIPO
30371,665,ST,69178992,4149,SIPO
30372,666,AB,85506128,3936,SIPO
30373,666,ST,70089435,2282, 
30374,666,GH,93173819,955,POJISTNE
30375,666,UV,65873688,1045,UVER
30386,669,WX,12925506,1947,SIPO
30390,673,KL,71669763,4586,SIPO
30391,674,EF,63081496,2058,SIPO
30392,675,MN,74623369,6358,SIPO
30393,675,MN,56463271,1704,UVER
30394,676,GH,72221982,3017,SIPO
30395,678,YZ,20567107,1192,SIPO
30396,678,WX,52606773,1929, 
30397,678,CD,77998667,1967,POJISTNE
30398,679,OP,91457056,4049,SIPO
30399,679,KL,27114582,450, 
30400,679,UV,84744864,281,POJISTNE
30401,680,UV,98674255,4853,SIPO
30404,682,QR,39035719,1477,SIPO
30405,682,CD,62099003,537, 
30406,683,QR,19231844,8578,SIPO
30407,684,QR,66230869,1936,SIPO
30408,685,AB,46590065,3847.2,LEASING
30409,686,ST,30570674,2212,SIPO
30410,686,OP,92192554,2875, 
30411,686,AB,65920859,983,POJISTNE
30412,687,UV,3712326,1444,SIPO
30413,687,EF,84690487,3998, 
30414,688,GH,38275259,2509,SIPO
30415,689,IJ,27240383,3847.2,LEASING
30416,689,MN,58262753,4989,SIPO
30417,689,QR,99909179,1388, 
30418,689,WX,87462937,17,POJISTNE
30419,689,IJ,93874132,16, 
30420,690,ST,19503748,7152,SIPO
30421,690,ST,45288330,1749,LEASING
30422,691,YZ,42897981,3342,SIPO
30423,692,QR,82628667,4366,SIPO
30424,692,OP,98083799,137, 
30425,693,IJ,37686020,6329,SIPO
30426,694,QR,91037123,3096,SIPO
30427,695,CD,38325697,9516,SIPO
30428,696,IJ,2534234,1299,SIPO
30429,696,AB,64442080,280,SIPO
30430,697,ST,77658992,6372,SIPO
30431,698,EF,98754322,6177,SIPO
30432,700,WX,21956253,1116,SIPO
30433,700,YZ,83101778,1646, 
30434,702,EF,53787499,2813,SIPO
30435,703,QR,41043675,2306,SIPO
30436,704,IJ,15132719,2141,SIPO
30437,704,UV,96896516,1197, 
30438,705,KL,67101108,4161,SIPO
30441,710,KL,95556771,3200,SIPO
30442,711,AB,97111349,3243,SIPO
30443,712,UV,19930512,3847.2,LEASING
30444,713,QR,13186729,3581,SIPO
30445,714,UV,88810574,3782,SIPO
30446,715,CD,61029869,2877,SIPO
30447,715,IJ,30505544,1808, 
30448,715,MN,31952321,1378,POJISTNE
30449,717,KL,48199552,6561,SIPO
30450,718,KL,3925556,6412,UVER
30451,718,KL,22049463,726,SIPO
30452,718,QR,9956103,7122, 
30453,718,MN,10620361,6041,POJISTNE
30454,719,UV,95629697,1991,SIPO
30455,720,GH,57822185,3916,SIPO
30456,721,UV,92811554,2194,SIPO
30466,725,OP,86504637,2612,SIPO
30467,726,YZ,22188473,3198,SIPO
30468,728,YZ,24685102,1143,SIPO
30469,728,WX,87029039,4119, 
30470,728,EF,84884696,1863,LEASING
30471,729,AB,49945181,1872,SIPO
30472,729,GH,95585292,114, 
30473,729,MN,56525182,67,POJISTNE
30474,731,UV,24144953,2706,SIPO
30475,732,GH,38898217,5129,SIPO
30476,734,YZ,88755988,2228,SIPO
30477,735,EF,74098461,1389,SIPO
30478,735,IJ,93383478,2187,SIPO
30479,736,GH,78246849,2119,SIPO
30480,737,WX,70212787,2817,SIPO
30481,738,EF,52158653,970,SIPO
30482,738,OP,91551339,82, 
30483,738,YZ,99652116,3671,POJISTNE
30484,739,CD,15982044,5504,SIPO
30485,742,CD,99545573,2048,SIPO
30486,743,EF,82371133,2691,SIPO
30487,744,CD,51830822,2165,SIPO
30488,745,IJ,29839259,1965,SIPO
30489,746,YZ,78167122,3452,SIPO
30490,747,YZ,4759234,2672,SIPO
30491,748,OP,75135111,6492,SIPO
30492,749,WX,49041187,4965,SIPO
30493,749,WX,49583470,226, 
30494,749,QR,72902929,51,POJISTNE
30495,749,UV,44345706,26, 
30496,750,YZ,4588097,6615,SIPO
30497,751,GH,74106764,2363,SIPO
