trans_id,account_id,date,type,operation,amount,balance,k_symbol,bank,account
695247,2378,930101,PRIJEM,VKLAD,700,700,,,
171812,576,930101,PRIJEM,VKLAD,900,900,,,
207264,704,930101,PRIJEM,VKLAD,1000,1000,,,
1117247,3818,930101,PRIJEM,VKLAD,600,600,,,
579373,1972,930102,PRIJEM,VKLAD,400,400,,,
771035,2632,930102,PRIJEM,VKLAD,1100,1100,,,
452728,1539,930103,PRIJEM,VKLAD,600,600,,,
725751,2484,930103,PRIJEM,VKLAD,1100,1100,,,
497211,1695,930103,PRIJEM,VKLAD,200,200,,,
232960,793,930103,PRIJEM,VKLAD,800,800,,,
505240,1726,930103,PRIJEM,VKLAD,1000,1000,,,
144541,485,930104,PRIJEM,VKLAD,300,300,,,
637741,2177,930104,PRIJEM,VKLAD,800,800,,,
689827,2357,930104,PRIJEM,VKLAD,800,800,,,
846006,2881,930104,PRIJEM,VKLAD,700,700,,,
637742,2177,930105,PRIJEM,PREVOD Z UCTU,5123,5923,DUCHOD,YZ,62457513
2908688,9635,930105,PRIJEM,VKLAD,400,400,,,
232961,793,930105,PRIJEM,PREVOD Z UCTU,3401,4201,,IJ,6149286
192096,652,930105,PRIJEM,VKLAD,700,700,,,
542215,1844,930106,PRIJEM,VKLAD,500,500,,,
565654,1926,930106,PRIJEM,VKLAD,700,700,,,
542216,1844,930107,PRIJEM,PREVOD Z UCTU,3242,3742,,ST,42988401
1027725,3510,930107,PRIJEM,VKLAD,500,500,,,
374589,1276,930107,PRIJEM,VKLAD,400,400,,,
579374,1972,930107,PRIJEM,PREVOD Z UCTU,5298,5698,DUCHOD,UV,14132887
699220,2393,930107,PRIJEM,VKLAD,900,900,,,
129502,435,930108,PRIJEM,VKLAD,400,400,,,
374590,1276,930108,PRIJEM,VKLAD,6774,7174,,,
57433,192,930108,PRIJEM,VKLAD,300,300,,,
497212,1695,930108,PRIJEM,VKLAD,11832,12032,,,
621760,2122,930108,PRIJEM,VKLAD,300,300,,,
480214,1637,930108,PRIJEM,VKLAD,500,500,,,
612392,2087,930108,PRIJEM,VKLAD,600,600,,,
224342,764,930108,PRIJEM,VKLAD,1100,1100,,,
1049881,3592,930108,PRIJEM,VKLAD,600,600,,,
1132662,3871,930108,PRIJEM,VKLAD,300,300,,,
1021120,3487,930108,PRIJEM,VKLAD,800,800,,,
439035,1493,930109,PRIJEM,VKLAD,200,200,,,
110534,374,930109,PRIJEM,VKLAD,400,400,,,
771036,2632,930109,PRIJEM,VKLAD,14264,15364,,,
506450,1730,930109,PRIJEM,VKLAD,900,900,,,
192097,652,930109,PRIJEM,VKLAD,13851,14551,,,
1117248,3818,930109,PRIJEM,VKLAD,17366,17966,,,
695720,2379,930110,PRIJEM,VKLAD,800,800,,,
857973,2925,930110,PRIJEM,VKLAD,1000,1000,,,
477638,1628,930110,PRIJEM,VKLAD,700,700,,,
1049882,3592,930110,PRIJEM,PREVOD Z UCTU,6007,6607,DUCHOD,MN,73166322
252644,866,930110,PRIJEM,VKLAD,500,500,,,
393505,1338,930111,PRIJEM,VKLAD,400,400,,,
171813,576,930111,PRIJEM,PREVOD Z UCTU,6207,7107,DUCHOD,YZ,30300313
581699,1979,930111,PRIJEM,VKLAD,900,900,,,
252645,866,930111,PRIJEM,VKLAD,12644,13144,,,
101386,346,930111,PRIJEM,VKLAD,800,800,,,
689828,2357,930112,PRIJEM,PREVOD Z UCTU,6434,7234,DUCHOD,OP,34144538
725752,2484,930112,PRIJEM,VKLAD,14779,15879,,,
565655,1926,930112,PRIJEM,VKLAD,4507,5207,,,
857974,2925,930112,PRIJEM,VKLAD,6446,7446,,,
560898,1909,930112,PRIJEM,VKLAD,800,800,,,
207265,704,930112,PRIJEM,VKLAD,17477,18477,,,
477639,1628,930112,PRIJEM,PREVOD Z UCTU,4276,4976,DUCHOD,UV,15916598
615542,2099,930112,PRIJEM,VKLAD,1100,1100,,,
439036,1493,930113,PRIJEM,PREVOD Z UCTU,5009,5209,DUCHOD,AB,54522466
1100759,3760,930113,PRIJEM,VKLAD,1000,1000,,,
480215,1637,930113,PRIJEM,PREVOD Z UCTU,5718,6218,DUCHOD,UV,45134812
1548749,5270,930113,PRIJEM,VKLAD,800,800,,,
505241,1726,930113,PRIJEM,VKLAD,13967,14967,,,
846007,2881,930113,PRIJEM,VKLAD,6959,7659,,,
1021121,3487,930113,PRIJEM,VKLAD,15914,16714,,,
2908689,9635,930114,PRIJEM,PREVOD Z UCTU,4470,4870,DUCHOD,CD,37906074
858384,2926,930114,PRIJEM,VKLAD,600,600,,,
498389,1699,930114,PRIJEM,VKLAD,800,800,,,
699221,2393,930114,PRIJEM,VKLAD,10737,11637,,,
1142758,3909,930114,PRIJEM,VKLAD,700,700,,,
1548750,5270,930114,PRIJEM,PREVOD Z UCTU,44749,45549,,IJ,80269753
506836,1731,930114,PRIJEM,VKLAD,200,200,,,
3393738,11265,930114,PRIJEM,VKLAD,1000,1000,,,
621775,2122,930115,PRIJEM,VKLAD,46552,46852,,,
737258,2519,930115,PRIJEM,VKLAD,500,500,,,
144549,485,930116,PRIJEM,VKLAD,13156,13456,,,
435762,1481,930117,PRIJEM,VKLAD,1000,1000,,,
1027726,3510,930117,PRIJEM,VKLAD,23323,23823,,,
3122924,10364,930117,PRIJEM,VKLAD,1100,1100,,,
1176385,4034,930118,PRIJEM,VKLAD,200,200,,,
119435,401,930118,PRIJEM,VKLAD,300,300,,,
1100767,3760,930118,PRIJEM,VKLAD,10792,11792,,,
682546,2330,930119,PRIJEM,VKLAD,200,200,,,
529772,1806,930119,PRIJEM,VKLAD,400,400,,,
1121963,3834,930119,PRIJEM,VKLAD,700,700,,,
359511,1222,930120,PRIJEM,VKLAD,700,700,,,
63712,212,930120,PRIJEM,VKLAD,200,200,,,
298978,1019,930121,PRIJEM,VKLAD,1100,1100,,,
136957,459,930121,PRIJEM,VKLAD,1000,1000,,,
135814,456,930121,PRIJEM,VKLAD,700,700,,,
226654,772,930121,PRIJEM,VKLAD,500,500,,,
3402664,11295,930121,PRIJEM,VKLAD,1100,1100,,,
695250,2378,930122,PRIJEM,VKLAD,7268,7968,,,
451890,1536,930122,PRIJEM,VKLAD,300,300,,,
785190,2676,930122,PRIJEM,VKLAD,200,200,,,
615548,2099,930122,PRIJEM,VKLAD,16125,17225,,,
871631,2970,930122,PRIJEM,VKLAD,400,400,,,
695266,2378,930123,PRIJEM,VKLAD,14440,22408,,,
347543,1179,930123,PRIJEM,VKLAD,700,700,,,
708081,2425,930123,PRIJEM,VKLAD,900,900,,,
83658,280,930123,PRIJEM,VKLAD,300,300,,,
695262,2378,930124,PRIJEM,VKLAD,49752,72160,,,
1183176,4055,930124,PRIJEM,VKLAD,200,200,,,
615547,2099,930124,PRIJEM,VKLAD,36518,53743,,,
1084396,3704,930124,PRIJEM,VKLAD,500,500,,,
2809952,9307,930124,PRIJEM,VKLAD,900,900,,,
1486053,5065,930124,PRIJEM,VKLAD,300,300,,,
1736607,5891,930125,PRIJEM,VKLAD,900,900,,,
142150,477,930125,PRIJEM,VKLAD,1000,1000,,,
292053,1000,930125,PRIJEM,VKLAD,200,200,,,
695265,2378,930126,PRIJEM,VKLAD,21899,94059,,,
144551,485,930126,PRIJEM,VKLAD,12336,25792,,,
511264,1750,930126,PRIJEM,VKLAD,1100,1100,,,
594014,2023,930126,PRIJEM,VKLAD,200,200,,,
484214,1649,930126,PRIJEM,VKLAD,700,700,,,
1910780,6473,930126,PRIJEM,VKLAD,1100,1100,,,
1910790,6473,930126,PRIJEM,VKLAD,19961,21061,,,
48640,163,930127,PRIJEM,VKLAD,900,900,,,
783290,2670,930127,PRIJEM,VKLAD,1100,1100,,,
752010,2566,930127,PRIJEM,VKLAD,800,800,,,
330659,1127,930127,PRIJEM,VKLAD,600,600,,,
2176,9,930127,PRIJEM,VKLAD,400,400,,,
336631,1144,930128,PRIJEM,VKLAD,200,200,,,
131922,443,930128,PRIJEM,VKLAD,500,500,,,
1256504,4296,930128,PRIJEM,VKLAD,200,200,,,
851325,2902,930128,PRIJEM,VKLAD,200,200,,,
393512,1338,930129,PRIJEM,VKLAD,38000,38400,,,
612405,2087,930129,PRIJEM,VKLAD,16983,17583,,,
1081327,3693,930129,PRIJEM,VKLAD,1000,1000,,,
608135,2070,930129,PRIJEM,VKLAD,300,300,,,
1190752,4078,930130,PRIJEM,VKLAD,300,300,,,
541681,1843,930130,PRIJEM,VKLAD,1000,1000,,,
796773,2714,930130,PRIJEM,VKLAD,800,800,,,
695560,2378,930131,VYDAJ,VYBER,34700,59453.7,,,
3591421,1844,930131,PRIJEM,,12.6,3754.6,UROK,,
3617490,2632,930131,PRIJEM,,47.5,15411.5,UROK,,
3579543,1493,930131,PRIJEM,,13.3,5222.3,UROK,,
3558798,866,930131,PRIJEM,,37.1,13181.1,UROK,,
3453599,6473,930131,PRIJEM,,17,21078,UROK,,
3513134,9635,930131,PRIJEM,,11.1,4892.9,UROK,,
3574567,1338,930131,PRIJEM,,15.5,38415.5,UROK,,
3654666,3760,930131,PRIJEM,,22.2,11814.2,UROK,,
3656579,3818,930131,PRIJEM,,55.8,18021.8,UROK,,
3456844,9635,930131,PRIJEM,,11.8,4881.8,UROK,,
3553661,704,930131,PRIJEM,,50.1,18527.1,UROK,,
3552056,652,930131,PRIJEM,,45,14596,UROK,,
3583848,1628,930131,PRIJEM,,13.4,4989.4,UROK,,
3584201,1637,930131,PRIJEM,,15.9,6233.9,UROK,,
3586191,1695,930131,PRIJEM,,38.8,12070.8,UROK,,
3587145,1726,930131,PRIJEM,,38.2,15005.2,UROK,,
3549613,576,930131,PRIJEM,,20.1,7127.1,UROK,,
3546683,485,930131,PRIJEM,,38.9,25830.9,UROK,,
3599467,2087,930131,PRIJEM,,7.1,17590.1,UROK,,
3600403,2122,930131,PRIJEM,,107.1,46959.1,UROK,,
3466049,3510,930131,PRIJEM,,48,23871,UROK,,
3444292,2099,930131,PRIJEM,,62.4,53805.4,UROK,,
207642,704,930131,PRIJEM,VKLAD,2900,21427.1,,,
3602138,2177,930131,PRIJEM,,21.5,5944.5,UROK,,
3595783,1972,930131,PRIJEM,,19.1,5717.1,UROK,,
3594124,1926,930131,PRIJEM,,14,5221,UROK,,
3648651,3592,930131,PRIJEM,,19.5,6626.5,UROK,,
3645341,3487,930131,PRIJEM,,42.7,16756.7,UROK,,
3556397,793,930131,PRIJEM,,15.2,4216.2,UROK,,
2809959,9307,930131,PRIJEM,VKLAD,5282,6182,,,
3608592,2378,930131,PRIJEM,,94.7,94153.7,UROK,,
3607855,2357,930131,PRIJEM,,19.4,7253.4,UROK,,
3609127,2393,930131,PRIJEM,,28.2,11665.1,UROK,,
3612139,2484,930131,PRIJEM,,42.7,15921.7,UROK,,
3669814,5270,930131,PRIJEM,,110.2,45659.2,UROK,,
3479816,9307,930131,PRIJEM,,0.8,6182.8,UROK,,
3572388,1276,930131,PRIJEM,,23.1,7197.1,UROK,,
3627125,2925,930131,PRIJEM,,20,7466,UROK,,
3625747,2881,930131,PRIJEM,,19.6,7678.6,UROK,,
1117691,3818,930131,PRIJEM,VKLAD,2000,20021.8,,,
771484,2632,930201,PRIJEM,VKLAD,5100,20511.5,,,
490777,1675,930201,PRIJEM,VKLAD,1100,1100,,,
1730428,5868,930202,PRIJEM,VKLAD,200,200,,,
453138,1539,930202,PRIJEM,VKLAD,11900,12500,,,
754232,2574,930202,PRIJEM,VKLAD,1100,1100,,,
726266,2484,930202,PRIJEM,VKLAD,5500,21421.7,,,
497553,1695,930202,PRIJEM,VKLAD,7500,19570.8,,,
529229,1805,930202,PRIJEM,VKLAD,1100,1100,,,
882361,3007,930202,PRIJEM,VKLAD,800,800,,,
505750,1726,930202,PRIJEM,VKLAD,6000,21005.2,,,
251233,862,930202,PRIJEM,VKLAD,200,200,,,
711848,2434,930202,PRIJEM,VKLAD,600,600,,,
145127,485,930203,VYDAJ,VYBER,25300,46177.9,,,
144544,485,930203,PRIJEM,VKLAD,45647,71477.9,,,
332444,1132,930203,PRIJEM,VKLAD,1000,1000,,,
1313152,4484,930203,PRIJEM,VKLAD,700,700,,,
1028980,3514,930203,PRIJEM,VKLAD,600,600,,,
275306,943,930203,PRIJEM,VKLAD,800,800,,,
846309,2881,930203,PRIJEM,VKLAD,7000,14678.5,,,
138712,465,930204,PRIJEM,VKLAD,700,700,,,
1163520,3983,930204,PRIJEM,VKLAD,900,900,,,
2797771,9265,930204,PRIJEM,VKLAD,300,300,,,
192366,652,930204,PRIJEM,VKLAD,2900,17496,,,
695272,2378,930205,PRIJEM,VKLAD,30192,89645.7,,,
783292,2670,930205,PRIJEM,VKLAD,24381,25481,,,
122242,411,930205,PRIJEM,VKLAD,400,400,,,
637743,2177,930205,PRIJEM,PREVOD Z UCTU,5123,11067.5,DUCHOD,YZ,62457513
330661,1127,930205,PRIJEM,VKLAD,23330,23930,,,
259747,890,930205,PRIJEM,VKLAD,700,700,,,
566013,1926,930205,PRIJEM,VKLAD,8500,13721,,,
560900,1909,930205,PRIJEM,PREVOD Z UCTU,3191,3991,,AB,24230474
110536,374,930205,PRIJEM,PREVOD Z UCTU,23041,23441,,WX,4004806
498391,1699,930205,PRIJEM,PREVOD Z UCTU,5224,6024,DUCHOD,CD,94008880
529774,1806,930205,PRIJEM,PREVOD Z UCTU,5029,5429,DUCHOD,UV,39912659
224344,764,930205,PRIJEM,PREVOD Z UCTU,6238,7338,DUCHOD,UV,30560720
232962,793,930205,PRIJEM,PREVOD Z UCTU,3401,7617.2,,IJ,6149286
286072,982,930205,PRIJEM,VKLAD,900,900,,,
851327,2902,930205,PRIJEM,VKLAD,20213,20413,,,
3393740,11265,930205,PRIJEM,VKLAD,7618,8618,,,
101388,346,930205,PRIJEM,VKLAD,19935,20735,,,
184681,627,930205,PRIJEM,VKLAD,600,600,,,
336633,1144,930206,PRIJEM,PREVOD Z UCTU,3375,3575,,GH,1589578
119437,401,930206,PRIJEM,VKLAD,12817,13117,,,
1157039,3960,930206,PRIJEM,VKLAD,500,500,,,
1100775,3760,930206,PRIJEM,VKLAD,38645,50459.2,,,
1028004,3510,930206,VYDAJ,VYBER,1600,22271,,,
375032,1276,930206,PRIJEM,VKLAD,10600,17797.1,,,
57435,192,930206,PRIJEM,PREVOD Z UCTU,5859,6159,DUCHOD,GH,15384018
699588,2393,930206,PRIJEM,VKLAD,5500,17165.2,,,
660834,2256,930206,PRIJEM,VKLAD,700,700,,,
275308,943,930206,PRIJEM,PREVOD Z UCTU,3217,4017,,OP,70103525
1163522,3983,930206,PRIJEM,VKLAD,14626,15526,,,
286074,982,930206,PRIJEM,VKLAD,4550,5450,,,
1132664,3871,930206,PRIJEM,PREVOD Z UCTU,4356,4656,DUCHOD,GH,31564527
506452,1730,930206,PRIJEM,PREVOD Z UCTU,6689,7589,DUCHOD,ST,43294817
710066,2429,930206,PRIJEM,VKLAD,600,600,,,
695340,2378,930207,VYDAJ,PREVOD NA UCET,9612,80033.7,SIPO,EF,1222903
1176387,4034,930207,PRIJEM,VKLAD,5080,5280,,,
129504,435,930207,PRIJEM,PREVOD Z UCTU,5039,5439,DUCHOD,MN,22131634
138714,465,930207,PRIJEM,PREVOD Z UCTU,12785,13485,,UV,71654224
347545,1179,930207,PRIJEM,PREVOD Z UCTU,4212,4912,DUCHOD,WX,72322171
541683,1843,930207,PRIJEM,PREVOD Z UCTU,17632,18632,,QR,76294219
542217,1844,930207,PRIJEM,PREVOD Z UCTU,3242,6996.6,,ST,42988401
682548,2330,930207,PRIJEM,PREVOD Z UCTU,3395,3595,,ST,18759459
2442343,8051,930207,PRIJEM,VKLAD,200,200,,,
1028982,3514,930207,PRIJEM,PREVOD Z UCTU,3399,3999,,GH,67514222
579375,1972,930207,PRIJEM,PREVOD Z UCTU,5298,11015.1,DUCHOD,UV,14132887
3122926,10364,930207,PRIJEM,VKLAD,14493,15593,,,
615550,2099,930207,PRIJEM,VKLAD,28157,81962.4,,,
612713,2087,930207,PRIJEM,VKLAD,1800,19390.1,,,
292055,1000,930207,PRIJEM,PREVOD Z UCTU,31348,31548,,ST,87163465
737260,2519,930207,PRIJEM,PREVOD Z UCTU,5544,6044,DUCHOD,GH,5454445
622121,2122,930207,VYDAJ,VYBER,14100,32859.1,,,
1486060,5065,930207,PRIJEM,VKLAD,33045,33345,,,
1021463,3487,930207,PRIJEM,VKLAD,1800,18556.7,,,
655272,2241,930208,PRIJEM,VKLAD,200,200,,,
2349697,7753,930208,PRIJEM,VKLAD,600,600,,,
242366,830,930208,PRIJEM,VKLAD,200,200,,,
144559,485,930208,PRIJEM,VKLAD,20066,66243.9,,,
775968,2647,930208,PRIJEM,VKLAD,400,400,,,
537875,1830,930208,PRIJEM,VKLAD,1000,1000,,,
1238919,4240,930208,PRIJEM,PREVOD Z UCTU,27666,27666,,EF,17497700
1238917,4240,930208,PRIJEM,VKLAD,500,28166,,,
576752,1965,930208,PRIJEM,VKLAD,600,600,,,
1657153,5622,930208,PRIJEM,VKLAD,700,700,,,
434652,1477,930208,PRIJEM,VKLAD,700,3851,,,
434654,1477,930208,PRIJEM,PREVOD Z UCTU,3151,3151,,KL,92373114
294480,1006,930208,PRIJEM,VKLAD,1000,1000,,,
374591,1276,930208,PRIJEM,VKLAD,6774,24571.1,,,
73509,244,930208,PRIJEM,VKLAD,800,800,,,
110785,374,930208,VYDAJ,VYBER,1500,21941,,,
882363,3007,930208,PRIJEM,VKLAD,22452,23252,,,
2775579,9188,930208,PRIJEM,VKLAD,800,800,,,
846793,2884,930208,PRIJEM,VKLAD,1100,1100,,,
251235,862,930208,PRIJEM,PREVOD Z UCTU,44333,44533,,YZ,2834439
3402666,11295,930208,PRIJEM,VKLAD,18347,19447,,,
696164,2379,930209,PRIJEM,VKLAD,13900,14700,,,
298980,1019,930209,PRIJEM,VKLAD,19746,20846,,,
333296,1134,930209,PRIJEM,VKLAD,400,400,,,
332446,1132,930209,PRIJEM,PREVOD Z UCTU,48098,49098,,ST,32223415
259749,890,930209,PRIJEM,VKLAD,7041,7741,,,
858265,2925,930209,PRIJEM,VKLAD,9100,16566,,,
858386,2926,930209,PRIJEM,VKLAD,10584,11184,,,
63714,212,930209,PRIJEM,PREVOD Z UCTU,49590,49790,,IJ,58325630
581701,1979,930209,PRIJEM,PREVOD Z UCTU,3021,3921,,UV,38265723
469891,1601,930209,PRIJEM,VKLAD,500,500,,,
771037,2632,930209,PRIJEM,VKLAD,14264,34775.5,,,
1084398,3704,930209,PRIJEM,PREVOD Z UCTU,6242,6742,DUCHOD,AB,11927444
253162,866,930209,PRIJEM,VKLAD,5400,18581.1,,,
192098,652,930209,PRIJEM,VKLAD,13851,31347,,,
1117249,3818,930209,PRIJEM,VKLAD,17366,37387.8,,,
695722,2379,930210,PRIJEM,VKLAD,5072,19772,,,
649665,2220,930210,PRIJEM,VKLAD,1100,1100,,,
237649,813,930210,PRIJEM,VKLAD,1100,1100,,,
135816,456,930210,PRIJEM,PREVOD Z UCTU,47831,48531,,AB,95670407
775970,2647,930210,PRIJEM,VKLAD,12015,12415,,,
393999,1338,930210,VYDAJ,VYBER,5200,33215.5,,,
708083,2425,930210,PRIJEM,VKLAD,8905,9805,,,
594016,2023,930210,PRIJEM,VKLAD,23524,23724,,,
1049883,3592,930210,PRIJEM,PREVOD Z UCTU,6007,12633.5,DUCHOD,MN,73166322
757953,2585,930210,PRIJEM,VKLAD,1000,1000,,,
840171,2861,930210,PRIJEM,VKLAD,300,300,,,
101684,346,930210,PRIJEM,VKLAD,1200,21935,,,
695270,2378,930211,PRIJEM,VKLAD,31038,111071.7,,,
695561,2378,930211,VYDAJ,VYBER,25200,85871.7,,,
452734,1539,930211,PRIJEM,VKLAD,43737,56237,,,
237651,813,930211,PRIJEM,PREVOD Z UCTU,12154,13254,,QR,19537103
1190754,4078,930211,PRIJEM,VKLAD,23736,24036,,,
511266,1750,930211,PRIJEM,VKLAD,24863,25963,,,
685663,2342,930211,PRIJEM,VKLAD,400,400,,,
810831,2763,930211,PRIJEM,VKLAD,200,200,,,
171814,576,930211,PRIJEM,PREVOD Z UCTU,6207,13334.1,DUCHOD,YZ,30300313
615783,2099,930211,VYDAJ,VYBER,29700,52262.4,,,
612412,2087,930211,PRIJEM,VKLAD,14622,34012.1,,,
506838,1731,930211,PRIJEM,PREVOD Z UCTU,4758,4958,DUCHOD,GH,89825009
846795,2884,930211,PRIJEM,VKLAD,5810,6910,,,
252646,866,930211,PRIJEM,VKLAD,12644,31225.1,,,
184683,627,930211,PRIJEM,VKLAD,22349,22949,,,
2349709,7753,930212,PRIJEM,VKLAD,19588,20188,,,
2349705,7753,930212,PRIJEM,VKLAD,27078,47266,,,
1736609,5891,930212,PRIJEM,PREVOD Z UCTU,32594,33494,,CD,51054984
451892,1536,930212,PRIJEM,PREVOD Z UCTU,25609,25909,,QR,51120805
1183178,4055,930212,PRIJEM,VKLAD,20281,20481,,,
571256,1944,930212,PRIJEM,VKLAD,700,700,,,
577274,1966,930212,PRIJEM,VKLAD,900,900,,,
359513,1222,930212,PRIJEM,PREVOD Z UCTU,6310,7010,DUCHOD,KL,77489798
754234,2574,930212,PRIJEM,VKLAD,14319,15419,,,
1101121,3760,930212,VYDAJ,VYBER,14400,36059.2,,,
689829,2357,930212,PRIJEM,PREVOD Z UCTU,6434,13687.4,DUCHOD,OP,34144538
725753,2484,930212,PRIJEM,VKLAD,14779,36200.7,,,
565656,1926,930212,PRIJEM,VKLAD,4507,18228,,,
857975,2925,930212,PRIJEM,VKLAD,6446,23012,,,
207266,704,930212,PRIJEM,VKLAD,17477,38904.1,,,
477640,1628,930212,PRIJEM,PREVOD Z UCTU,4276,9265.4,DUCHOD,UV,15916598
1549098,5270,930212,VYDAJ,VYBER,9600,36059.2,,,
1121965,3834,930212,PRIJEM,VKLAD,13875,14575,,,
83660,280,930212,PRIJEM,VKLAD,12043,12343,,,
711850,2434,930212,PRIJEM,VKLAD,4391,4991,,,
490779,1675,930212,PRIJEM,PREVOD Z UCTU,4327,5427,DUCHOD,AB,50350195
48642,163,930213,PRIJEM,PREVOD Z UCTU,6698,7598,DUCHOD,YZ,76209622
142152,477,930213,PRIJEM,VKLAD,16392,17392,,,
671437,2293,930213,PRIJEM,VKLAD,700,700,,,
785192,2676,930213,PRIJEM,VKLAD,15263,15463,,,
745022,2543,930213,PRIJEM,VKLAD,1100,1100,,,
1256506,4296,930213,PRIJEM,VKLAD,18729,18929,,,
439037,1493,930213,PRIJEM,PREVOD Z UCTU,5009,10231.3,DUCHOD,AB,54522466
435764,1481,930213,PRIJEM,PREVOD Z UCTU,3098,4098,,AB,21098941
858901,2926,930213,PRIJEM,VKLAD,9000,20184,,,
660836,2256,930213,PRIJEM,PREVOD Z UCTU,4729,5429,DUCHOD,AB,59773492
480216,1637,930213,PRIJEM,PREVOD Z UCTU,5718,11951.9,DUCHOD,UV,45134812
527445,1801,930213,PRIJEM,VKLAD,700,700,,,
1143204,3909,930213,VYDAJ,VYBER,500,24600,,,
1142760,3909,930213,PRIJEM,VKLAD,24400,25100,,,
871633,2970,930213,PRIJEM,VKLAD,9658,10058,,,
757955,2585,930213,PRIJEM,VKLAD,14963,15963,,,
505242,1726,930213,PRIJEM,VKLAD,13967,34972.2,,,
846008,2881,930213,PRIJEM,VKLAD,6959,21637.5,,,
1021122,3487,930213,PRIJEM,VKLAD,15914,34470.7,,,
3394148,11265,930213,PRIJEM,VKLAD,9800,18418,,,
131924,443,930214,PRIJEM,PREVOD Z UCTU,3058,3558,,ST,29172384
3314624,11013,930214,PRIJEM,VKLAD,600,600,,,
122244,411,930214,PRIJEM,VKLAD,18497,18897,,,
577276,1966,930214,PRIJEM,VKLAD,20567,21467,,,
745024,2543,930214,PRIJEM,PREVOD Z UCTU,6148,7248,DUCHOD,CD,4203528
2908690,9635,930214,PRIJEM,PREVOD Z UCTU,4470,9362.9,DUCHOD,CD,37906074
707245,2423,930214,PRIJEM,VKLAD,400,400,,,
699222,2393,930214,PRIJEM,VKLAD,10737,27902.2,,,
1081329,3693,930214,PRIJEM,VKLAD,15447,16447,,,
226656,772,930214,PRIJEM,VKLAD,24009,24509,,,
1548751,5270,930214,PRIJEM,PREVOD Z UCTU,44749,80808.2,,IJ,80269753
608137,2070,930214,PRIJEM,VKLAD,12138,12438,,,
42520,142,930215,PRIJEM,VKLAD,900,900,,,
2190,9,930215,PRIJEM,VKLAD,800,1200,,,
1002957,3424,930216,PRIJEM,VKLAD,900,900,,,
3123297,10364,930216,PRIJEM,VKLAD,4200,19793,,,
160593,539,930216,PRIJEM,VKLAD,700,700,,,
1039105,3554,930216,PRIJEM,VKLAD,1100,1100,,,
285072,979,930216,PRIJEM,VKLAD,1000,1000,,,
796787,2714,930216,PRIJEM,VKLAD,1300,2100,,,
1176616,4034,930217,PRIJEM,VKLAD,8000,13280,,,
119791,401,930217,PRIJEM,VKLAD,6000,19117,,,
1313154,4484,930217,PRIJEM,VKLAD,29511,30211,,,
989731,3374,930217,PRIJEM,VKLAD,200,200,,,
1036263,3545,930217,PRIJEM,VKLAD,900,900,,,
893645,3047,930217,PRIJEM,VKLAD,600,600,,,
29107,96,930218,PRIJEM,VKLAD,1100,1100,,,
1002960,3424,930218,PRIJEM,VKLAD,44162,45062,,,
137463,461,930218,PRIJEM,VKLAD,600,600,,,
1657169,5622,930218,PRIJEM,VKLAD,24023,24723,,,
1039191,3554,930218,PRIJEM,VKLAD,900,2000,,,
887174,3026,930218,PRIJEM,VKLAD,400,400,,,
1050254,3593,930218,PRIJEM,VKLAD,200,200,,,
1122555,3834,930218,PRIJEM,VKLAD,6600,21175,,,
39477,128,930219,PRIJEM,VKLAD,300,300,,,
1108941,3787,930219,PRIJEM,VKLAD,800,800,,,
1657174,5622,930219,PRIJEM,VKLAD,33410,58133,,,
64021,212,930219,VYDAJ,VYBER,14800,34990,,,
1080837,3691,930219,PRIJEM,VKLAD,400,400,,,
309324,1054,930219,PRIJEM,VKLAD,800,800,,,
711470,2433,930219,PRIJEM,VKLAD,500,500,,,
695251,2378,930220,PRIJEM,VKLAD,19136,105007.7,,,
695562,2378,930220,VYDAJ,VYBER,33900,71107.7,,,
299430,1019,930220,PRIJEM,VKLAD,4100,24946,,,
136148,456,930220,VYDAJ,VYBER,10500,38031,,,
137124,459,930220,PRIJEM,VKLAD,13400,14400,,,
227105,772,930220,VYDAJ,VYBER,600,23909,,,
1450014,4937,930220,PRIJEM,VKLAD,700,700,,,
622627,2124,930220,PRIJEM,VKLAD,500,500,,,
3403038,11295,930220,PRIJEM,VKLAD,3700,23147,,,
94644,322,930220,PRIJEM,VKLAD,1000,1000,,,
929608,3168,930220,PRIJEM,VKLAD,1000,1000,,,
452238,1536,930221,PRIJEM,VKLAD,100,26009,,,
785632,2676,930221,PRIJEM,VKLAD,3300,18763,,,
1273262,4355,930221,PRIJEM,VKLAD,800,800,,,
871809,2970,930221,PRIJEM,VKLAD,9400,19458,,,
1039106,3554,930221,PRIJEM,VKLAD,45925,47925,,,
1313153,4484,930222,PRIJEM,VKLAD,41740,71951,,,
700133,2396,930222,PRIJEM,VKLAD,500,500,,,
84101,280,930222,PRIJEM,VKLAD,6200,18543,,,
708372,2425,930222,PRIJEM,VKLAD,8000,17805,,,
491813,1678,930222,PRIJEM,VKLAD,200,200,,,
269812,925,930223,PRIJEM,VKLAD,500,500,,,
1183399,4055,930223,PRIJEM,VKLAD,3100,23581,,,
293959,1005,930223,PRIJEM,VKLAD,300,300,,,
1313160,4484,930223,PRIJEM,VKLAD,31332,103283,,,
1313408,4484,930223,VYDAJ,VYBER,62100,41183,,,
618167,2110,930223,PRIJEM,VKLAD,600,600,,,
2810462,9307,930223,PRIJEM,VKLAD,7100,13282.8,,,
2797779,9265,930223,PRIJEM,VKLAD,28361,28661,,,
1486385,5065,930223,VYDAJ,VYBER,4000,29345,,,
204963,697,930223,PRIJEM,VKLAD,200,200,,,
1736950,5891,930224,VYDAJ,VYBER,4500,28994,,,
142592,477,930224,PRIJEM,VKLAD,900,18292,,,
400895,1366,930224,PRIJEM,VKLAD,900,900,,,
914518,3117,930224,PRIJEM,VKLAD,900,900,,,
307761,1050,930224,PRIJEM,VKLAD,1000,1000,,,
292547,1000,930224,VYDAJ,VYBER,1500,30048,,,
655852,2242,930225,PRIJEM,VKLAD,300,300,,,
511638,1750,930225,VYDAJ,VYBER,2500,23463,,,
594521,2023,930225,PRIJEM,VKLAD,2700,26424,,,
484359,1649,930225,PRIJEM,VKLAD,11000,11700,,,
167889,562,930225,PRIJEM,VKLAD,300,300,,,
58944,197,930225,PRIJEM,VKLAD,800,800,,,
1578988,5369,930225,PRIJEM,VKLAD,900,900,,,
1911147,6473,930225,VYDAJ,VYBER,8900,36168,,,
1910783,6473,930225,PRIJEM,VKLAD,23990,45068,,,
783618,2670,930226,VYDAJ,VYBER,1400,24081,,,
148417,496,930226,PRIJEM,VKLAD,800,800,,,
752168,2566,930226,PRIJEM,VKLAD,10700,11500,,,
330947,1127,930226,PRIJEM,VKLAD,1800,25730,,,
2242710,7401,930226,PRIJEM,VKLAD,1100,1100,,,
2432,9,930226,PRIJEM,VKLAD,10900,12100,,,
276,2,930226,PRIJEM,VKLAD,1100,1100,,,
537461,1829,930227,PRIJEM,VKLAD,900,900,,,
127567,428,930227,PRIJEM,VKLAD,200,200,,,
1256736,4296,930227,PRIJEM,VKLAD,5200,24129,,,
1068640,3651,930227,PRIJEM,VKLAD,800,800,,,
726514,2486,930227,PRIJEM,VKLAD,200,200,,,
494941,1688,930227,PRIJEM,VKLAD,800,800,,,
883003,3008,930227,PRIJEM,VKLAD,200,200,,,
2780386,9203,930227,PRIJEM,VKLAD,900,900,,,
851694,2902,930227,PRIJEM,VKLAD,3900,24313,,,
462811,1575,930227,PRIJEM,VKLAD,900,900,,,
105733,361,930227,PRIJEM,VKLAD,600,600,,,
519751,1775,930227,PRIJEM,VKLAD,900,900,,,
3564254,1019,930228,PRIJEM,,33.4,24979.4,UROK,,
3563618,1000,930228,PRIJEM,,22.4,30070.3,UROK,,
3562938,982,930228,PRIJEM,,18.7,5468.6,UROK,,
695490,2378,930228,VYDAJ,VYBER,14.6,71437.8,SLUZBY,,
3591422,1844,930228,PRIJEM,,15.6,7012.2,UROK,,
3617491,2632,930228,PRIJEM,,121.8,34897.3,UROK,,
3618041,2647,930228,PRIJEM,,35.1,12450.1,UROK,,
3618818,2670,930228,PRIJEM,,10.8,24091.8,UROK,,
3619030,2676,930228,PRIJEM,,22.3,18785.3,UROK,,
3673340,5891,930228,PRIJEM,,21.6,29015.6,UROK,,
3580975,1536,930228,PRIJEM,,31,26040,UROK,,
3578972,1477,930228,PRIJEM,,9.8,3860.8,UROK,,
3579544,1493,930228,PRIJEM,,21.7,10253,UROK,,
3559698,890,930228,PRIJEM,,23,7764,UROK,,
3558799,866,930228,PRIJEM,,103.2,31328.3,UROK,,
3561686,943,930228,PRIJEM,,13.7,4030.7,UROK,,
3558613,862,930228,PRIJEM,,139.2,44672.2,UROK,,
3453600,6473,930228,PRIJEM,,102,36270,UROK,,
3509732,9265,930228,PRIJEM,,21.3,28707.9,UROK,,
3520588,10364,930228,PRIJEM,,38.3,19831.3,UROK,,
3574568,1338,930228,PRIJEM,,160,33375.5,UROK,,
3654667,3760,930228,PRIJEM,,110.5,36169.7,UROK,,
3659415,3909,930228,PRIJEM,,58.6,24658.6,UROK,,
3656580,3818,930228,PRIJEM,,83.4,37471.2,UROK,,
3657066,3834,930228,PRIJEM,,34.7,21209.7,UROK,,
3460368,374,930228,PRIJEM,,68.6,22009.6,UROK,,
3458834,11295,930228,PRIJEM,,31,23205.5,UROK,,
3456845,9635,930228,PRIJEM,,20.3,9383.2,UROK,,
3459107,9,930228,PRIJEM,,5.4,12105.4,UROK,,
3553662,704,930228,PRIJEM,,89.3,38993.3,UROK,,
3552057,652,930228,PRIJEM,,110.6,31457.6,UROK,,
3551094,627,930228,PRIJEM,,61.5,23010.5,UROK,,
3652281,3693,930228,PRIJEM,,2.9,19649.9,UROK,,
3629868,3007,930228,PRIJEM,,72.7,23324.7,UROK,,
3585453,1675,930228,PRIJEM,,13.7,5440.7,UROK,,
3583849,1628,930228,PRIJEM,,20.7,9286.1,UROK,,
3584202,1637,930228,PRIJEM,,25.9,11977.8,UROK,,
3589600,1801,930228,PRIJEM,,2.9,702.9,UROK,,
3586192,1695,930228,PRIJEM,,50.1,19620.9,UROK,,
3587929,1750,930228,PRIJEM,,14,23477,UROK,,
3587146,1726,930228,PRIJEM,,110,35082.2,UROK,,
3614522,2543,930228,PRIJEM,,16.2,7264.2,UROK,,
3615569,2574,930228,PRIJEM,,39,15458,UROK,,
3643350,3424,930228,PRIJEM,,73.8,45135.8,UROK,,
3449863,4034,930228,PRIJEM,,23.7,13303.7,UROK,,
3546684,485,930228,PRIJEM,,249,66492.9,UROK,,
3549614,576,930228,PRIJEM,,29.6,13363.7,UROK,,
3598961,2070,930228,PRIJEM,,3,20141,UROK,,
3599468,2087,930228,PRIJEM,,117.3,34129.3,UROK,,
3600404,2122,930228,PRIJEM,,199,72343,UROK,,
3468211,4055,930228,PRIJEM,,21.1,23602,UROK,,
3466390,3554,930228,PRIJEM,,57.9,47982.9,UROK,,
3467902,3983,930228,PRIJEM,,53.1,15579.1,UROK,,
3466050,3510,930228,PRIJEM,,99.3,22370.3,UROK,,
3447022,1539,930228,PRIJEM,,150.6,56387.6,UROK,,
3444293,2099,930228,PRIJEM,,220,52482.4,UROK,,
3448084,2585,930228,PRIJEM,,38,16001,UROK,,
3444481,5065,930228,PRIJEM,,26.2,29371.2,UROK,,
3602139,2177,930228,PRIJEM,,24.7,11092.2,UROK,,
3604749,2256,930228,PRIJEM,,12.9,5441.9,UROK,,
3539843,280,930228,PRIJEM,,19.3,18562.3,UROK,,
3542018,346,930228,PRIJEM,,62,21997,UROK,,
621768,2122,930228,PRIJEM,VKLAD,39285,72144.1,,,
3567644,1127,930228,PRIJEM,,11.5,25741.5,UROK,,
3567897,1132,930228,PRIJEM,,146.1,49244.1,UROK,,
3595507,1966,930228,PRIJEM,,47.9,21514.9,UROK,,
3594125,1926,930228,PRIJEM,,54.6,18282.6,UROK,,
3597518,2023,930228,PRIJEM,,15.7,26439.7,UROK,,
3595784,1972,930228,PRIJEM,,23.7,11038.9,UROK,,
3648652,3592,930228,PRIJEM,,27.5,12661,UROK,,
3646189,3514,930228,PRIJEM,,13.1,4012.1,UROK,,
3645342,3487,930228,PRIJEM,,111.9,34582.6,UROK,,
3556398,793,930228,PRIJEM,,17.5,7634.7,UROK,,
3556862,813,930228,PRIJEM,,35.5,13289.5,UROK,,
3555839,772,930228,PRIJEM,,32,23941,UROK,,
527456,1801,930228,PRIJEM,VKLAD,18972,19674.9,,,
1081627,3693,930228,PRIJEM,VKLAD,3200,19647,,,
3537488,212,930228,PRIJEM,,52.1,35042.1,UROK,,
1450025,4937,930228,PRIJEM,VKLAD,44455,45161.7,,,
3607856,2357,930228,PRIJEM,,30.1,13717.6,UROK,,
3608593,2378,930228,PRIJEM,,344.8,71452.4,UROK,,
3609128,2393,930228,PRIJEM,,84.8,27986.9,UROK,,
3608664,2379,930228,PRIJEM,,55.9,19827.9,UROK,,
3610110,2425,930228,PRIJEM,,18.5,17823.5,UROK,,
3610581,2434,930228,PRIJEM,,12.6,5003.6,UROK,,
3612140,2484,930228,PRIJEM,,117.6,36318.3,UROK,,
3669815,5270,930228,PRIJEM,,268.5,81076.7,UROK,,
3671894,5622,930228,PRIJEM,,90.2,58223.2,UROK,,
3667903,4937,930228,PRIJEM,,6.7,706.7,UROK,,
3492040,7753,930228,PRIJEM,,119.6,47385.6,UROK,,
3479817,9307,930228,PRIJEM,,25.8,13308.6,UROK,,
3479717,9265,930228,PRIJEM,,25.6,28686.6,UROK,,
3543739,401,930228,PRIJEM,,34.1,19151.1,UROK,,
3546414,477,930228,PRIJEM,,13.6,18305.6,UROK,,
3544121,411,930228,PRIJEM,,42.2,18939.2,UROK,,
3546052,465,930228,PRIJEM,,44.1,13529.1,UROK,,
3545699,456,930228,PRIJEM,,50.9,38081.9,UROK,,
3572389,1276,930228,PRIJEM,,84.3,24655.4,UROK,,
3469665,4296,930228,PRIJEM,,7.2,24136.2,UROK,,
3470805,4484,930228,PRIJEM,,70,41252.9,UROK,,
3469151,4240,930228,PRIJEM,,88,28254,UROK,,
3528743,11265,930228,PRIJEM,,43.9,18461.8,UROK,,
3529064,11295,930228,PRIJEM,,27.6,23174.5,UROK,,
3626470,2902,930228,PRIJEM,,7.2,24320.2,UROK,,
3627126,2925,930228,PRIJEM,,70.4,23082.4,UROK,,
3628744,2970,930228,PRIJEM,,23.2,19481.2,UROK,,
3625748,2881,930228,PRIJEM,,65.2,21702.7,UROK,,
3625863,2884,930228,PRIJEM,,18.5,6928.5,UROK,,
3627197,2926,930228,PRIJEM,,48.1,20232,UROK,,
608427,2070,930228,PRIJEM,VKLAD,7700,20138,,,
1190945,4078,930301,PRIJEM,VKLAD,2500,26536,,,
542076,1843,930301,PRIJEM,VKLAD,3900,22532,,,
71666,239,930301,PRIJEM,VKLAD,300,300,,,
797025,2714,930301,PRIJEM,VKLAD,10800,12900,,,
695563,2378,930302,VYDAJ,VYBER,21400,50037.8,,,
968613,3302,930302,PRIJEM,VKLAD,700,700,,,
810834,2763,930302,PRIJEM,VKLAD,33035,33235,,,
207643,704,930302,VYDAJ,VYBER,8900,30093.3,,,
1117692,3818,930302,VYDAJ,VYBER,4200,33271.2,,,
695254,2378,930303,PRIJEM,VKLAD,7077,57114.8,,,
502369,1713,930303,PRIJEM,VKLAD,700,700,,,
123329,415,930303,PRIJEM,VKLAD,400,400,,,
315547,1077,930303,PRIJEM,VKLAD,1000,1000,,,
1208386,4134,930303,PRIJEM,VKLAD,500,500,,,
1028504,3513,930303,PRIJEM,VKLAD,500,500,,,
771485,2632,930303,VYDAJ,VYBER,6900,27997.3,,,
615551,2099,930303,PRIJEM,VKLAD,30557,83039.4,,,
1730741,5868,930304,PRIJEM,VKLAD,10200,10400,,,
453139,1539,930304,VYDAJ,VYBER,13400,42987.6,,,
145022,485,930304,VYDAJ,VYBER,8100,76843.9,,,
144543,485,930304,PRIJEM,VKLAD,18451,84943.9,,,
754530,2574,930304,PRIJEM,VKLAD,2900,18358,,,
726267,2484,930304,VYDAJ,VYBER,8100,28218.3,,,
497554,1695,930304,PRIJEM,VKLAD,5200,24820.9,,,
529625,1805,930304,PRIJEM,VKLAD,9500,10600,,,
882873,3007,930304,PRIJEM,VKLAD,900,24224.7,,,
1450026,4937,930304,PRIJEM,VKLAD,8813,53974.7,,,
2797781,9265,930304,PRIJEM,VKLAD,37305,66012.9,,,
404590,1378,930304,PRIJEM,VKLAD,1100,1100,,,
505751,1726,930304,VYDAJ,VYBER,3200,31882.2,,,
251559,862,930304,VYDAJ,VYBER,10700,33972.2,,,
712153,2434,930304,PRIJEM,VKLAD,10600,15603.6,,,
732241,2503,930305,PRIJEM,VKLAD,600,600,,,
332727,1132,930305,VYDAJ,VYBER,11800,37444.1,,,
145128,485,930305,VYDAJ,VYBER,25300,51543.9,,,
537878,1830,930305,PRIJEM,VKLAD,11538,12538,,,
783293,2670,930305,PRIJEM,VKLAD,24381,48472.8,,,
637744,2177,930305,PRIJEM,PREVOD Z UCTU,5123,16215.2,DUCHOD,YZ,62457513
400898,1366,930305,PRIJEM,VKLAD,7626,8526,,,
1157042,3960,930305,PRIJEM,PREVOD Z UCTU,4807,5307,DUCHOD,OP,33740347
330662,1127,930305,PRIJEM,VKLAD,23330,49071.5,,,
685666,2342,930305,PRIJEM,PREVOD Z UCTU,3247,3647,,EF,42284852
1313409,4484,930305,VYDAJ,VYBER,8900,32352.9,,,
2442346,8051,930305,PRIJEM,PREVOD Z UCTU,26040,26240,,KL,35675579
560901,1909,930305,PRIJEM,PREVOD Z UCTU,3191,7182,,AB,24230474
166981,559,930305,PRIJEM,VKLAD,300,300,,,
73512,244,930305,PRIJEM,PREVOD Z UCTU,3972,4772,,IJ,12078875
110537,374,930305,PRIJEM,PREVOD Z UCTU,23041,45050.6,,WX,4004806
498392,1699,930305,PRIJEM,PREVOD Z UCTU,5224,11248,DUCHOD,CD,94008880
700136,2396,930305,PRIJEM,PREVOD Z UCTU,4203,4703,DUCHOD,OP,27204734
529775,1806,930305,PRIJEM,PREVOD Z UCTU,5029,10458,DUCHOD,UV,39912659
224345,764,930305,PRIJEM,PREVOD Z UCTU,6238,13576,DUCHOD,UV,30560720
232963,793,930305,PRIJEM,PREVOD Z UCTU,3401,11035.7,,IJ,6149286
1910797,6473,930305,PRIJEM,VKLAD,42227,78497,,,
1935476,6555,930305,PRIJEM,VKLAD,300,300,,,
851328,2902,930305,PRIJEM,VKLAD,20213,44533.2,,,
846310,2881,930305,PRIJEM,VKLAD,2700,24402.7,,,
3393741,11265,930305,PRIJEM,VKLAD,7618,26079.8,,,
101389,346,930305,PRIJEM,VKLAD,19935,41932,,,
710069,2429,930305,PRIJEM,VKLAD,14609,15209,,,
711473,2433,930305,PRIJEM,PREVOD Z UCTU,4718,5218,DUCHOD,OP,98568486
655855,2242,930306,PRIJEM,PREVOD Z UCTU,43493,43793,,CD,7862908
336634,1144,930306,PRIJEM,PREVOD Z UCTU,3375,6950,,GH,1589578
333299,1134,930306,PRIJEM,VKLAD,11970,12370,,,
144776,485,930306,VYDAJ,PREVOD NA UCET,1591,49952.9, ,WX,56978738
139101,465,930306,PRIJEM,VKLAD,6800,20329.1,,,
137466,461,930306,PRIJEM,PREVOD Z UCTU,6388,6988,DUCHOD,YZ,91520028
119438,401,930306,PRIJEM,VKLAD,12817,31968.1,,,
256849,882,930306,PRIJEM,VKLAD,300,300,,,
218878,744,930306,PRIJEM,VKLAD,400,400,,,
58947,197,930306,PRIJEM,VKLAD,21718,22518,,,
57436,192,930306,PRIJEM,PREVOD Z UCTU,5859,12018,DUCHOD,GH,15384018
621772,2122,930306,PRIJEM,VKLAD,7597,79940,,,
883006,3008,930306,PRIJEM,PREVOD Z UCTU,6934,7134,DUCHOD,QR,33148783
275309,943,930306,PRIJEM,PREVOD Z UCTU,3217,7247.7,,OP,70103525
1163523,3983,930306,PRIJEM,VKLAD,14626,30205.1,,,
1163704,3983,930306,VYDAJ,VYBER,200,30005.1,,,
2798252,9265,930306,VYDAJ,VYBER,19000,47012.9,,,
285075,979,930306,PRIJEM,VKLAD,17914,18914,,,
286075,982,930306,PRIJEM,VKLAD,4550,10018.6,,,
1132665,3871,930306,PRIJEM,PREVOD Z UCTU,4356,9012,DUCHOD,GH,31564527
840174,2861,930306,PRIJEM,PREVOD Z UCTU,5915,6215,DUCHOD,ST,10531437
1578991,5369,930306,PRIJEM,VKLAD,5643,6543,,,
506453,1730,930306,PRIJEM,PREVOD Z UCTU,6689,14278,DUCHOD,ST,43294817
192367,652,930306,VYDAJ,VYBER,4800,26657.6,,,
105736,361,930306,PRIJEM,VKLAD,23638,24238,,,
655275,2241,930307,PRIJEM,VKLAD,11584,11784,,,
695341,2378,930307,VYDAJ,PREVOD NA UCET,9612,47502.8,SIPO,EF,1222903
26045,86,930307,PRIJEM,VKLAD,800,800,,,
42523,142,930307,PRIJEM,PREVOD Z UCTU,4555,5455,DUCHOD,QR,39513594
1108944,3787,930307,PRIJEM,VKLAD,20950,21750,,,
1176388,4034,930307,PRIJEM,VKLAD,5080,18383.7,,,
649668,2220,930307,PRIJEM,PREVOD Z UCTU,6153,7253,DUCHOD,MN,42469984
144848,485,930307,VYDAJ,PREVOD NA UCET,3572,46380.9,POJISTNE,AB,20747721
129505,435,930307,PRIJEM,PREVOD Z UCTU,5039,10478,DUCHOD,MN,22131634
138715,465,930307,PRIJEM,PREVOD Z UCTU,12785,33114.1,,UV,71654224
347546,1179,930307,PRIJEM,PREVOD Z UCTU,4212,9124,DUCHOD,WX,72322171
148420,496,930307,PRIJEM,VKLAD,5404,6204,,,
122540,411,930307,PRIJEM,VKLAD,2900,21839.2,,,
541684,1843,930307,PRIJEM,PREVOD Z UCTU,17632,40164,,QR,76294219
542218,1844,930307,PRIJEM,PREVOD Z UCTU,3242,10254.2,,ST,42988401
682549,2330,930307,PRIJEM,PREVOD Z UCTU,3395,6990,,ST,18759459
260044,890,930307,PRIJEM,VKLAD,10700,18464,,,
1068643,3651,930307,PRIJEM,PREVOD Z UCTU,5081,5881,DUCHOD,WX,38447165
566014,1926,930307,PRIJEM,VKLAD,3900,22182.6,,,
1028983,3514,930307,PRIJEM,PREVOD Z UCTU,3399,7411.1,,GH,67514222
579376,1972,930307,PRIJEM,PREVOD Z UCTU,5298,16336.9,DUCHOD,UV,14132887
469894,1601,930307,PRIJEM,PREVOD Z UCTU,4042,4542,DUCHOD,CD,45886778
3122927,10364,930307,PRIJEM,VKLAD,14493,34324.3,,,
286583,982,930307,PRIJEM,VKLAD,8200,18218.7,,,
292056,1000,930307,PRIJEM,PREVOD Z UCTU,31348,61418.3,,ST,87163465
737261,2519,930307,PRIJEM,PREVOD Z UCTU,5544,11588,DUCHOD,GH,5454445
2775582,9188,930307,PRIJEM,PREVOD Z UCTU,12710,13510,,GH,78292494
893648,3047,930307,PRIJEM,PREVOD Z UCTU,3474,4074,,KL,47210419
462814,1575,930307,PRIJEM,PREVOD Z UCTU,5448,6348,DUCHOD,IJ,85748850
185061,627,930307,PRIJEM,VKLAD,700,23710.5,,,
519754,1775,930307,PRIJEM,PREVOD Z UCTU,6932,7832,DUCHOD,WX,16577571
454772,1545,930308,PRIJEM,VKLAD,200,200,,,
242369,830,930308,PRIJEM,VKLAD,16623,16823,,,
144704,485,930308,VYDAJ,PREVOD NA UCET,7421,38959.9,SIPO,EF,89687889
781998,2666,930308,PRIJEM,VKLAD,600,600,,,
1238920,4240,930308,PRIJEM,PREVOD Z UCTU,27666,55920,,EF,17497700
1149991,3935,930308,PRIJEM,VKLAD,1000,1000,,,
117636,396,930308,PRIJEM,VKLAD,1000,1000,,,
123332,415,930308,PRIJEM,VKLAD,13110,13510,,,
434655,1477,930308,PRIJEM,PREVOD Z UCTU,3151,7011.8,,KL,92373114
789769,2694,930308,PRIJEM,VKLAD,700,700,,,
294483,1006,930308,PRIJEM,PREVOD Z UCTU,3737,4737,,WX,6088287
330234,1126,930308,PRIJEM,VKLAD,1100,1100,,,
1028005,3510,930308,VYDAJ,VYBER,300,22070.3,,,
374592,1276,930308,PRIJEM,VKLAD,6774,31429.4,,,
375033,1276,930308,VYDAJ,VYBER,2200,29229.4,,,
1091934,3734,930308,PRIJEM,VKLAD,1000,1000,,,
699589,2393,930308,VYDAJ,VYBER,2500,25486.9,,,
882364,3007,930308,PRIJEM,VKLAD,22452,46676.7,,,
275678,944,930308,PRIJEM,VKLAD,16927,16927,,,
275675,944,930308,PRIJEM,VKLAD,500,17427,,,
716041,2453,930308,PRIJEM,VKLAD,400,400,,,
251236,862,930308,PRIJEM,PREVOD Z UCTU,44333,78305.2,,YZ,2834439
3402667,11295,930308,PRIJEM,VKLAD,18347,41552.6,,,
929611,3168,930308,PRIJEM,PREVOD Z UCTU,6303,7303,DUCHOD,AB,54928976
710437,2429,930308,PRIJEM,VKLAD,5100,20309,,,
269815,925,930309,PRIJEM,VKLAD,18500,19000,,,
298981,1019,930309,PRIJEM,VKLAD,19746,44725.4,,,
1344903,4596,930309,PRIJEM,VKLAD,700,700,,,
293962,1005,930309,PRIJEM,PREVOD Z UCTU,34483,34783,,QR,48252707
332447,1132,930309,PRIJEM,PREVOD Z UCTU,48098,85542.1,,ST,32223415
259750,890,930309,PRIJEM,VKLAD,7041,25505,,,
727884,2489,930309,PRIJEM,VKLAD,900,900,,,
2442701,8051,930309,VYDAJ,VYBER,700,25540,,,
858387,2926,930309,PRIJEM,VKLAD,10584,30816,,,
1208389,4134,930309,PRIJEM,VKLAD,9556,10056,,,
810833,2763,930309,PRIJEM,VKLAD,31986,65221,,,
1091937,3734,930309,PRIJEM,VKLAD,4939,5939,,,
63715,212,930309,PRIJEM,PREVOD Z UCTU,49590,84632.1,,IJ,58325630
581702,1979,930309,PRIJEM,PREVOD Z UCTU,3021,6942,,UV,38265723
494944,1688,930309,PRIJEM,PREVOD Z UCTU,5439,6239,DUCHOD,QR,99495708
771038,2632,930309,PRIJEM,VKLAD,14264,42261.3,,,
612714,2087,930309,VYDAJ,VYBER,6500,27629.3,,,
1084399,3704,930309,PRIJEM,PREVOD Z UCTU,6242,12984,DUCHOD,AB,11927444
1080840,3691,930309,PRIJEM,PREVOD Z UCTU,6540,6940,DUCHOD,WX,86339687
622122,2122,930309,VYDAJ,VYBER,28500,51440,,,
849720,2895,930309,PRIJEM,VKLAD,300,300,,,
192099,652,930309,PRIJEM,VKLAD,13851,40508.6,,,
1021464,3487,930309,VYDAJ,VYBER,3800,30782.6,,,
1117250,3818,930309,PRIJEM,VKLAD,17366,50637.2,,,
655711,2241,930310,PRIJEM,VKLAD,8700,20484,,,
695723,2379,930310,PRIJEM,VKLAD,5072,24899.9,,,
2350078,7753,930310,VYDAJ,VYBER,12000,35385.6,,,
242557,830,930310,PRIJEM,VKLAD,2100,18923,,,
135817,456,930310,PRIJEM,PREVOD Z UCTU,47831,85912.9,,AB,95670407
775971,2647,930310,PRIJEM,VKLAD,12015,24465.1,,,
776274,2647,930310,PRIJEM,VKLAD,1600,26065.1,,,
538175,1830,930310,PRIJEM,VKLAD,7700,20238,,,
571259,1944,930310,PRIJEM,VKLAD,17980,18680,,,
1239177,4240,930310,VYDAJ,VYBER,14300,41620,,,
968616,3302,930310,PRIJEM,PREVOD Z UCTU,3008,3708,,CD,24482953
577122,1965,930310,PRIJEM,VKLAD,12200,12800,,,
1657645,5622,930310,VYDAJ,VYBER,14900,43323.2,,,
749326,2555,930310,PRIJEM,VKLAD,1100,20122,,,
749329,2555,930310,PRIJEM,VKLAD,19022,19022,,,
789772,2694,930310,PRIJEM,VKLAD,17585,18285,,,
294997,1006,930310,PRIJEM,VKLAD,11300,16037,,,
256852,882,930310,PRIJEM,VKLAD,11587,11887,,,
708084,2425,930310,PRIJEM,VKLAD,8905,26728.5,,,
594017,2023,930310,PRIJEM,VKLAD,23524,49963.7,,,
73950,244,930310,PRIJEM,VKLAD,10100,14872,,,
110786,374,930310,VYDAJ,VYBER,11900,33150.6,,,
1049884,3592,930310,PRIJEM,PREVOD Z UCTU,6007,18668,DUCHOD,MN,73166322
2776158,9188,930310,PRIJEM,VKLAD,3700,17210,,,
847084,2884,930310,PRIJEM,VKLAD,8300,15228.5,,,
92883,317,930310,PRIJEM,VKLAD,800,800,,,
92886,317,930310,PRIJEM,PREVOD Z UCTU,5922,6722,DUCHOD,CD,16824597
696165,2379,930311,VYDAJ,VYBER,2600,22299.9,,,
26048,86,930311,PRIJEM,PREVOD Z UCTU,3243,4043,,ST,93896942
29110,96,930311,PRIJEM,PREVOD Z UCTU,44221,45321,,GH,68241083
333669,1134,930311,PRIJEM,VKLAD,8200,20570,,,
649066,2219,930311,PRIJEM,VKLAD,400,400,,,
237652,813,930311,PRIJEM,PREVOD Z UCTU,12154,25443.5,,QR,19537103
1190755,4078,930311,PRIJEM,VKLAD,23736,50272,,,
147446,494,930311,PRIJEM,VKLAD,400,400,,,
511267,1750,930311,PRIJEM,VKLAD,24863,48340,,,
858266,2925,930311,VYDAJ,VYBER,1900,21182.4,,,
171815,576,930311,PRIJEM,PREVOD Z UCTU,6207,19570.7,DUCHOD,YZ,30300313
887177,3026,930311,PRIJEM,VKLAD,20740,21140,,,
756207,2581,930311,PRIJEM,VKLAD,500,500,,,
506839,1731,930311,PRIJEM,PREVOD Z UCTU,4758,9716,DUCHOD,GH,89825009
846796,2884,930311,PRIJEM,VKLAD,5810,21038.5,,,
204966,697,930311,PRIJEM,VKLAD,22067,22267,,,
253163,866,930311,VYDAJ,VYBER,8400,35572.3,,,
252647,866,930311,PRIJEM,VKLAD,12644,43972.3,,,
184684,627,930311,PRIJEM,VKLAD,22349,46059.5,,,
491816,1678,930311,PRIJEM,VKLAD,23116,23316,,,
1736610,5891,930312,PRIJEM,PREVOD Z UCTU,32594,61609.6,,CD,51054984
34884,112,930312,PRIJEM,VKLAD,200,200,,,
451893,1536,930312,PRIJEM,PREVOD Z UCTU,25609,51649,,QR,51120805
237946,813,930312,PRIJEM,VKLAD,700,26143.5,,,
1074957,3674,930312,PRIJEM,VKLAD,1000,1000,,,
1183179,4055,930312,PRIJEM,VKLAD,20281,43883.1,,,
671440,2293,930312,PRIJEM,PREVOD Z UCTU,6745,7445,DUCHOD,EF,62203752
537464,1829,930312,PRIJEM,VKLAD,7429,8329,,,
394000,1338,930312,VYDAJ,VYBER,2400,30975.5,,,
782001,2666,930312,PRIJEM,PREVOD Z UCTU,2901,3501,,IJ,69472062
127570,428,930312,PRIJEM,PREVOD Z UCTU,6614,6814,DUCHOD,CD,71194147
117087,395,930312,PRIJEM,VKLAD,400,400,,,
359514,1222,930312,PRIJEM,PREVOD Z UCTU,6310,13320,DUCHOD,KL,77489798
754235,2574,930312,PRIJEM,VKLAD,14319,32677,,,
689830,2357,930312,PRIJEM,PREVOD Z UCTU,6434,20151.6,DUCHOD,OP,34144538
725754,2484,930312,PRIJEM,VKLAD,14779,42997.3,,,
707248,2423,930312,PRIJEM,PREVOD Z UCTU,5671,6071,DUCHOD,UV,2074182
565657,1926,930312,PRIJEM,VKLAD,4507,26689.6,,,
599192,2039,930312,PRIJEM,VKLAD,300,300,,,
857976,2925,930312,PRIJEM,VKLAD,6446,27628.4,,,
989749,3374,930312,PRIJEM,VKLAD,24784,24984,,,
207267,704,930312,PRIJEM,VKLAD,17477,47570.3,,,
2242713,7401,930312,PRIJEM,PREVOD Z UCTU,20236,21336,,ST,66487163
279,2,930312,PRIJEM,PREVOD Z UCTU,20236,21336,,ST,66487163
477641,1628,930312,PRIJEM,PREVOD Z UCTU,4276,13562.1,DUCHOD,UV,15916598
309327,1054,930312,PRIJEM,VKLAD,9650,10450,,,
307764,1050,930312,PRIJEM,PREVOD Z UCTU,25317,26317,,WX,2865469
1050257,3593,930312,PRIJEM,VKLAD,15787,15987,,,
796073,2712,930312,PRIJEM,VKLAD,400,400,,,
758170,2585,930312,PRIJEM,VKLAD,4200,20201,,,
1121966,3834,930312,PRIJEM,VKLAD,13875,35084.7,,,
101685,346,930312,VYDAJ,VYBER,7900,34032,,,
83661,280,930312,PRIJEM,VKLAD,12043,30605.3,,,
711851,2434,930312,PRIJEM,VKLAD,4391,19994.6,,,
490780,1675,930312,PRIJEM,PREVOD Z UCTU,4327,9767.7,DUCHOD,AB,50350195
48643,163,930313,PRIJEM,PREVOD Z UCTU,6698,14296,DUCHOD,YZ,76209622
34887,112,930313,PRIJEM,PREVOD Z UCTU,6582,6782,DUCHOD,EF,24612278
37883,123,930313,PRIJEM,VKLAD,200,200,,,
142153,477,930313,PRIJEM,VKLAD,16392,34697.6,,,
785193,2676,930313,PRIJEM,VKLAD,15263,34048.3,,,
3314627,11013,930313,PRIJEM,PREVOD Z UCTU,42244,42844,,YZ,45816707
2910390,9640,930313,PRIJEM,PREVOD Z UCTU,19106,19106,,UV,13876933
2910387,9640,930313,PRIJEM,VKLAD,1100,20206,,,
1256507,4296,930313,PRIJEM,VKLAD,18729,42865.2,,,
439038,1493,930313,PRIJEM,PREVOD Z UCTU,5009,15262,DUCHOD,AB,54522466
435765,1481,930313,PRIJEM,PREVOD Z UCTU,3098,7196,,AB,21098941
811286,2763,930313,VYDAJ,VYBER,18300,46921,,,
218881,744,930313,PRIJEM,PREVOD Z UCTU,5740,6140,DUCHOD,GH,94336568
914521,3117,930313,PRIJEM,PREVOD Z UCTU,5355,6255,DUCHOD,CD,1493776
873125,2974,930313,PRIJEM,VKLAD,1100,1100,,,
618170,2110,930313,PRIJEM,PREVOD Z UCTU,3076,3676,,WX,47164356
615784,2099,930313,VYDAJ,VYBER,27200,55839.4,,,
660837,2256,930313,PRIJEM,PREVOD Z UCTU,4729,10170.9,DUCHOD,AB,59773492
1036266,3545,930313,PRIJEM,VKLAD,20203,21103,,,
480217,1637,930313,PRIJEM,PREVOD Z UCTU,5718,17695.8,DUCHOD,UV,45134812
1142761,3909,930313,PRIJEM,VKLAD,24400,49058.6,,,
404593,1378,930313,PRIJEM,VKLAD,24419,25519,,,
716044,2453,930313,PRIJEM,PREVOD Z UCTU,3285,3685,,OP,70054560
796788,2714,930313,PRIJEM,VKLAD,1300,14200,,,
871634,2970,930313,PRIJEM,VKLAD,9658,29139.2,,,
757956,2585,930313,PRIJEM,VKLAD,14963,35164,,,
756210,2581,930313,PRIJEM,VKLAD,19653,20153,,,
622630,2124,930313,PRIJEM,VKLAD,21431,21931,,,
505243,1726,930313,PRIJEM,VKLAD,13967,45849.2,,,
846009,2881,930313,PRIJEM,VKLAD,6959,31361.7,,,
1021123,3487,930313,PRIJEM,VKLAD,15914,46696.6,,,
94647,322,930313,PRIJEM,VKLAD,16646,17646,,,
733694,2508,930314,PRIJEM,VKLAD,700,700,,,
174562,588,930314,PRIJEM,VKLAD,1000,1000,,,
131925,443,930314,PRIJEM,PREVOD Z UCTU,3058,6616,,ST,29172384
571552,1944,930314,PRIJEM,VKLAD,3000,21680,,,
122245,411,930314,PRIJEM,VKLAD,18497,40336.2,,,
577581,1966,930314,VYDAJ,VYBER,7500,34581.9,,,
577277,1966,930314,PRIJEM,VKLAD,20567,42081.9,,,
745025,2543,930314,PRIJEM,PREVOD Z UCTU,6148,13412.2,DUCHOD,CD,4203528
2908691,9635,930314,PRIJEM,PREVOD Z UCTU,4470,13853.2,DUCHOD,CD,37906074
1101122,3760,930314,VYDAJ,VYBER,5200,30969.7,,,
727887,2489,930314,PRIJEM,PREVOD Z UCTU,5781,6681,DUCHOD,YZ,23886204
1313159,4484,930314,PRIJEM,VKLAD,18654,51006.9,,,
1028507,3513,930314,PRIJEM,VKLAD,19078,19578,,,
167904,562,930314,PRIJEM,VKLAD,1900,2200,,,
166984,559,930314,PRIJEM,PREVOD Z UCTU,5672,5972,DUCHOD,OP,74414402
2135180,7231,930314,PRIJEM,VKLAD,500,500,,,
911507,3108,930314,PRIJEM,VKLAD,600,600,,,
699223,2393,930314,PRIJEM,VKLAD,10737,36223.9,,,
1081330,3693,930314,PRIJEM,VKLAD,15447,35096.9,,,
226657,772,930314,PRIJEM,VKLAD,24009,47950,,,
717562,2458,930314,PRIJEM,VKLAD,1100,1100,,,
1548752,5270,930314,PRIJEM,PREVOD Z UCTU,44749,125825.7,,IJ,80269753
1549099,5270,930314,VYDAJ,VYBER,51700,74125.7,,,
1549100,5270,930314,VYDAJ,VYBER,25300,48825.7,,,
849723,2895,930314,PRIJEM,VKLAD,18146,18446,,,
608138,2070,930314,PRIJEM,VKLAD,12138,32279,,,
144557,485,930315,PRIJEM,VKLAD,5697,44656.9,,,
1977570,6701,930315,PRIJEM,VKLAD,200,200,,,
1136395,3883,930315,PRIJEM,VKLAD,500,500,,,
1273277,4355,930315,PRIJEM,VKLAD,1400,2200,,,
1100766,3760,930315,PRIJEM,VKLAD,10539,41508.7,,,
858902,2926,930315,VYDAJ,VYBER,4900,25916,,,
66582,222,930315,PRIJEM,VKLAD,500,500,,,
528025,1801,930315,PRIJEM,VKLAD,3700,23374.9,,,
1143205,3909,930315,VYDAJ,VYBER,13900,35158.6,,,
3394149,11265,930315,VYDAJ,VYBER,800,25279.8,,,
730401,2497,930316,PRIJEM,VKLAD,300,300,,,
2349715,7753,930316,PRIJEM,VKLAD,36130,71515.6,,,
39492,128,930316,PRIJEM,VKLAD,1800,2100,,,
502384,1713,930316,PRIJEM,VKLAD,700,1400,,,
3315106,11013,930316,VYDAJ,VYBER,7000,35844,,,
1122690,3835,930316,PRIJEM,VKLAD,900,900,,,
1039120,3554,930316,PRIJEM,VKLAD,500,48482.9,,,
2191,9,930316,PRIJEM,VKLAD,800,12905.4,,,
527446,1801,930316,PRIJEM,VKLAD,8368,31742.9,,,
402734,1372,930316,PRIJEM,VKLAD,300,300,,,
315562,1077,930317,PRIJEM,VKLAD,1500,2500,,,
2809960,9307,930317,PRIJEM,VKLAD,16549,29857.6,,,
2349722,7753,930318,PRIJEM,VKLAD,7824,79339.6,,,
39564,128,930318,PRIJEM,VKLAD,600,2700,,,
1003507,3424,930318,VYDAJ,VYBER,10400,34735.8,,,
3123298,10364,930318,VYDAJ,VYBER,4800,29524.3,,,
1136482,3883,930318,PRIJEM,VKLAD,700,1200,,,
1273349,4355,930318,PRIJEM,VKLAD,1500,3700,,,
1208387,4134,930318,PRIJEM,VKLAD,40872,50928,,,
167976,562,930318,PRIJEM,VKLAD,1900,4100,,,
160856,539,930318,PRIJEM,VKLAD,13500,14200,,,
2256133,7445,930318,PRIJEM,VKLAD,200,200,,,
621780,2122,930318,PRIJEM,VKLAD,22685,74125,,,
1039192,3554,930318,PRIJEM,VKLAD,900,49382.9,,,
1039421,3554,930318,VYDAJ,VYBER,14900,34482.9,,,
285366,979,930318,PRIJEM,VKLAD,1200,20114,,,
1779017,6034,930319,PRIJEM,VKLAD,200,200,,,
35597,115,930319,PRIJEM,VKLAD,800,800,,,
1176617,4034,930319,PRIJEM,VKLAD,3500,21883.7,,,
349915,1189,930319,PRIJEM,VKLAD,600,600,,,
3331510,11065,930319,PRIJEM,VKLAD,1100,1100,,,
126007,425,930319,PRIJEM,VKLAD,400,400,,,
119792,401,930319,VYDAJ,VYBER,5800,26168.1,,,
990107,3374,930319,PRIJEM,VKLAD,1600,26584,,,
1036526,3545,930319,PRIJEM,VKLAD,1400,22503,,,
250302,860,930319,PRIJEM,VKLAD,600,600,,,
739835,2527,930319,PRIJEM,VKLAD,1000,1000,,,
2984138,9883,930319,PRIJEM,VKLAD,500,500,,,
29727,96,930320,VYDAJ,VYBER,11500,33821,,,
451455,1535,930320,PRIJEM,VKLAD,200,200,,,
1075585,3675,930320,PRIJEM,VKLAD,700,700,,,
260351,892,930320,PRIJEM,VKLAD,900,900,,,
810128,2762,930320,PRIJEM,VKLAD,500,500,,,
900589,3069,930320,PRIJEM,VKLAD,400,400,,,
887466,3026,930320,PRIJEM,VKLAD,3300,24440,,,
527466,1801,930320,PRIJEM,VKLAD,36574,68316.9,,,
1050618,3593,930320,PRIJEM,VKLAD,3900,19887,,,
1122556,3834,930320,VYDAJ,VYBER,6700,28384.7,,,
39755,128,930321,PRIJEM,VKLAD,9100,11800,,,
1109309,3787,930321,PRIJEM,VKLAD,1800,23550,,,
777538,2651,930321,PRIJEM,VKLAD,200,200,,,
64022,212,930321,VYDAJ,VYBER,29700,54932.1,,,
766561,2618,930321,PRIJEM,VKLAD,600,600,,,
309620,1054,930321,PRIJEM,VKLAD,6800,17250,,,
1935491,6555,930321,PRIJEM,VKLAD,12801,13101,,,
299431,1019,930322,VYDAJ,VYBER,9600,35125.4,,,
137125,459,930322,PRIJEM,VKLAD,3100,17500,,,
136149,456,930322,VYDAJ,VYBER,29400,56512.9,,,
1602507,5442,930322,PRIJEM,VKLAD,300,300,,,
523621,1787,930322,PRIJEM,VKLAD,1100,1100,,,
227106,772,930322,VYDAJ,VYBER,12600,35350,,,
1450518,4937,930322,VYDAJ,VYBER,16400,37574.7,,,
622996,2124,930322,PRIJEM,VKLAD,2100,24031,,,
410110,1397,930322,PRIJEM,VKLAD,700,700,,,
3403039,11295,930322,VYDAJ,VYBER,10700,30852.6,,,
94940,322,930322,PRIJEM,VKLAD,3600,21246,,,
452239,1536,930323,VYDAJ,VYBER,11900,39749,,,
785633,2676,930323,VYDAJ,VYBER,4500,29548.3,,,
1273578,4355,930323,PRIJEM,VKLAD,12500,16200,,,
2135189,7231,930323,PRIJEM,VKLAD,46824,62273,,,
2135185,7231,930323,PRIJEM,VKLAD,14949,15449,,,
871810,2970,930323,VYDAJ,VYBER,4300,24839.2,,,
1935478,6555,930323,PRIJEM,VKLAD,39703,52804,,,
1108017,3785,930324,PRIJEM,VKLAD,200,200,,,
1076496,3678,930324,PRIJEM,VKLAD,800,800,,,
183005,623,930324,PRIJEM,VKLAD,200,200,,,
1657162,5622,930324,PRIJEM,VKLAD,43050,86373.2,,,
2501876,8260,930324,PRIJEM,VKLAD,200,200,,,
880801,3001,930324,PRIJEM,VKLAD,400,400,,,
1450016,4937,930324,PRIJEM,VKLAD,18790,56364.7,,,
192918,655,930324,PRIJEM,VKLAD,1000,1000,,,
84102,280,930324,VYDAJ,VYBER,5100,25505.3,,,
708373,2425,930324,VYDAJ,VYBER,800,25928.5,,,
492187,1678,930324,VYDAJ,VYBER,200,23116,,,
270133,925,930325,PRIJEM,VKLAD,4200,23200,,,
1195278,4093,930325,PRIJEM,VKLAD,400,400,,,
1183400,4055,930325,VYDAJ,VYBER,7700,36183.1,,,
391494,1332,930325,PRIJEM,VKLAD,300,300,,,
740439,2528,930325,PRIJEM,VKLAD,1000,1000,,,
294327,1005,930325,VYDAJ,VYBER,5400,29383,,,
1100772,3760,930325,PRIJEM,VKLAD,24226,65734.7,,,
726530,2486,930325,PRIJEM,VKLAD,38820,39020,,,
810150,2762,930325,PRIJEM,VKLAD,30360,30860,,,
1602508,5442,930325,PRIJEM,VKLAD,7651,7951,,,
2810463,9307,930325,VYDAJ,VYBER,1300,28557.6,,,
590834,2011,930325,PRIJEM,VKLAD,900,900,,,
504193,1721,930325,PRIJEM,VKLAD,1100,1100,,,
1486386,5065,930325,VYDAJ,VYBER,5000,24371.2,,,
205250,697,930325,PRIJEM,VKLAD,2000,24267,,,
956572,3260,930325,PRIJEM,VKLAD,400,400,,,
963184,3283,930326,PRIJEM,VKLAD,300,300,,,
1779034,6034,930326,PRIJEM,VKLAD,23851,24051,,,
1736951,5891,930326,VYDAJ,VYBER,20200,41409.6,,,
1106913,3781,930326,PRIJEM,VKLAD,800,800,,,
144560,485,930326,PRIJEM,VKLAD,49112,93768.9,,,
142593,477,930326,VYDAJ,VYBER,4400,30297.6,,,
144918,485,930326,VYBER,VYBER,5166,88602.9,,,
1977575,6701,930326,PRIJEM,VKLAD,29082,29282,,,
1602509,5442,930326,PRIJEM,VKLAD,34681,42632,,,
2127306,7203,930326,PRIJEM,VKLAD,900,900,,,
308090,1050,930326,VYDAJ,VYBER,800,25517,,,
